1;581578.39;0.9996460;-0.0109579;0.0000000009000;-0.0000000019500;-0.0000000003300;4511242.60;0.0110169;0.9995749;0.0000000000300;0.0000000016100;0.0000000012600;’βδηρα;40.45;1.15;;;;;;;;;;;;;;;;;;;;;;;;;;;;;;
2;763077.78;0.9999598;-0.0313506;0.0000000020200;-0.0000000031600;-0.0000000010900;4126548.48;0.0313309;0.9999892;0.0000000001100;-0.0000000004000;0.0000000054800;Αγαθονήσιον;37.15;3.15;;;;;;;;;;;;;;;;;;;;;;;;;;;;;;
3;190802.50;1.0000044;0.0383079;-0.0000000043400;0.0000000040200;-0.0000000016200;4239284.01;-0.0382771;1.0000073;-0.0000000001300;-0.0000000007100;-0.0000000086300;Αγ.Ειρήνη;38.15;-3.15;;;;;;;;;;;;;;;;;;;;;;;;;;;;;;
4;411462.95;0.9996459;0.0115743;-0.0000000008800;0.0000000011800;0.0000000005000;4400321.30;-0.0115678;0.9996399;0.0000000002700;0.0000000009800;-0.0000000032300;Αγιά;39.45;-0.45;;;;;;;;;;;;;;;;;;;;;;;;;;;;;;
5;673222.19;0.9997523;-0.0209967;0.0000000021900;-0.0000000029000;0.0000000001000;4179714.24;0.0209118;0.9997518;0.0000000010200;-0.0000000002600;0.0000000026200;’γ.Κήρυκος;37.45;2.15;;;;;;;;;;;;;;;;;;;;;;;;;;;;;;
6;452995.99;0.9996179;0.0057364;-0.0000000006700;0.0000000010500;-0.0000000005800;4178032.08;-0.0057042;0.9995993;-0.0000000001500;-0.0000000010500;-0.0000000002600;Αγ.Μαρίνα;37.45;-0.15;;;;;;;;;;;;;;;;;;;;;;;;;;;;;;
7;154430.02;1.0000479;0.0451055;-0.0000000043800;0.0000000041500;-0.0000000005200;4407601.56;-0.0451088;1.0000568;0.0000000002000;-0.0000000000500;-0.0000000083100;’γ.Ματθαίος;39.45;-3.45;;;;;;;;;;;;;;;;;;;;;;;;;;;;;;
8;407143.51;0.9997341;0.0106820;-0.0000000009900;0.0000000011300;-0.0000000013600;4012007.25;-0.0106792;0.9997308;-0.0000000001400;-0.0000000012400;-0.0000000027400;Αγ.Νικόλαος-Νότ.;36.15;-0.45;;;;;;;;;;;;;;;;;;;;;;;;;;;;;;
8;407739.43;0.9996729;0.0108029;-0.0000000013200;0.0000000011100;0.0000000000300;4067468.46;-0.0107992;0.9996781;-0.0000000000700;-0.0000000000800;-0.0000000025700;Αγ.Νικόλαος-Βόρ.;36.45;-0.45;;;;;;;;;;;;;;;;;;;;;;;;;;;;;;
9;633386.86;0.9997053;-0.0147522;0.0000000007500;-0.0000000011000;0.0000000021700;3901598.13;0.0147539;0.9997007;-0.0000000011800;0.0000000008400;0.0000000016700;’γ.Νικόλαος-Κρήτης;35.15;1.45;;;;;;;;;;;;;;;;;;;;;;;;;;;;;;
10;712815.51;0.9998356;-0.0271599;0.0000000031600;-0.0000000022200;0.0000000011100;4347222.47;0.0271762;0.9998004;-0.0000000002700;0.0000000003200;0.0000000046700;Αγ.Παρασκευή;39.15;2.45;;;;;;;;;;;;;;;;;;;;;;;;;;;;;;
11;192937.33;0.9999933;0.0386889;-0.0000000034500;0.0000000035600;-0.0000000019700;4294782.89;-0.0386633;0.9999962;-0.0000000000900;-0.0000000010700;-0.0000000069600;’γ.Πέτρος;38.45;-3.15;;;;;;;;;;;;;;;;;;;;;;;;;;;;;;
12;282959.49;0.9997940;0.0283062;-0.0000000031000;0.0000000027700;-0.0000000004500;4402883.53;-0.0283143;0.9997862;0.0000000000500;-0.0000000002800;-0.0000000055200;Αγιόφυλλον;39.45;-2.15;;;;;;;;;;;;;;;;;;;;;;;;;;;;;;
13;238247.86;0.9998835;0.0335501;-0.0000000033100;0.0000000031900;-0.0000000004000;4348716.91;-0.0335556;0.9998845;0.0000000000000;-0.0000000002400;-0.0000000062400;’γναντα;39.15;-2.45;;;;;;;;;;;;;;;;;;;;;;;;;;;;;;
14;281396.41;0.9997997;0.0280371;-0.0000000025800;0.0000000031100;-0.0000000004600;4347388.70;-0.0280371;0.9998068;0.0000000002300;-0.0000000005600;-0.0000000058400;’γραφα;39.15;-2.15;;;;;;;;;;;;;;;;;;;;;;;;;;;;;;
15;279848.93;0.9998078;0.0277117;-0.0000000033200;0.0000000025900;0.0000000010100;4291897.77;-0.0277237;0.9998338;-0.0000000010100;0.0000000003200;-0.0000000046600;Αγρίνιον;38.45;-2.15;;;;;;;;;;;;;;;;;;;;;;;;;;;;;;
16;190802.24;1.0000548;0.0382526;-0.0000000037400;0.0000000035200;0.0000000001700;4239283.57;-0.0382625;1.0000599;0.0000000003900;0.0000000001900;-0.0000000074600;Αθέρας;38.15;-3.15;;;;;;;;;;;;;;;;;;;;;;;;;;;;;;
17;453315.10;0.9996398;0.0057801;0.0000000001000;0.0000000004400;-0.0000000002300;4233504.44;-0.0057867;0.9996432;0.0000000001500;-0.0000000003000;-0.0000000007600;Αθήναι-Ελευσίς;38.15;-0.15;;;;;;;;;;;;;;;;;;;;;;;;;;;;;;
18;497040.38;0.9996289;0.0003712;-0.0000000002600;0.0000000003400;0.0000000011100;4177897.35;-0.0003763;0.9996216;-0.0000000001500;0.0000000005200;-0.0000000002200;Αθήναι-Κοροπίον;37.45;0.15;;;;;;;;;;;;;;;;;;;;;;;;;;;;;;
19;452996.01;0.9996362;0.0057472;-0.0000000000700;-0.0000000001100;-0.0000000002800;4178032.26;-0.0057297;0.9996069;-0.0000000000500;0.0000000008000;-0.0000000008700;Αθήναι-Πειραιεύς;37.45;-0.15;;;;;;;;;;;;;;;;;;;;;;;;;;;;;;
20;497146.35;0.9996218;0.0004028;-0.0000000001700;0.0000000002600;0.0000000002700;4455299.91;-0.0003894;0.9996100;0.0000000001600;0.0000000001300;-0.0000000002700;’θως;40.15;0.15;;;;;;;;;;;;;;;;;;;;;;;;;;;;;;
21;675522.25;0.9997942;-0.0205583;0.0000000025800;-0.0000000020000;-0.0000000016300;4068776.74;0.0205361;0.9997645;0.0000000000500;0.0000000000900;0.0000000044300;Αιγιάλη;36.45;2.15;;;;;;;;;;;;;;;;;;;;;;;;;;;;;;
22;322071.49;0.9997509;0.0219907;-0.0000000019700;0.0000000017400;-0.0000000009400;4235326.43;-0.0220079;0.9997428;0.0000000007100;-0.0000000005500;-0.0000000044600;Αίγιον;38.15;-1.45;;;;;;;;;;;;;;;;;;;;;;;;;;;;;;
23;665993.22;0.9997130;-0.0224023;0.0000000019200;-0.0000000019100;-0.0000000004800;4512651.80;0.0223990;0.9997040;0.0000000002700;-0.0000000000400;0.0000000039600;Αίνος;40.45;2.15;;;;;;;;;;;;;;;;;;;;;;;;;;;;;;
24;664743.34;0.9996989;-0.0226246;0.0000000022000;-0.0000000020300;0.0000000000400;4568156.21;0.0226223;0.9996950;-0.0000000000200;-0.0000000002800;0.0000000041600;Αισύμη;41.15;2.15;;;;;;;;;;;;;;;;;;;;;;;;;;;;;;
25;540767.88;0.9990853;-0.0075251;-0.0000000024100;-0.0000000408500;-0.0000000173300;4233517.62;0.0055838;1.0026717;0.0000000035200;0.0000000492800;0.0000000178500;’κρ.Παξιμάδι;38.15;0.45;;;;;;;;;;;;;;;;;;;;;;;;;;;;;;
26;370552.68;0.9997155;0.0175123;-0.0000000010800;0.0000000016300;0.0000000020400;4511927.23;-0.0174755;0.9996979;-0.0000000006500;0.0000000005600;-0.0000000016500;Αλεξάνδρεια;40.45;-1.15;;;;;;;;;;;;;;;;;;;;;;;;;;;;;;
27;665993.22;0.9997130;-0.0224023;0.0000000019200;-0.0000000019100;-0.0000000004800;4512651.80;0.0223990;0.9997040;0.0000000002700;-0.0000000000400;0.0000000039600;Αλεξανδρούπολις;40.45;2.15;;;;;;;;;;;;;;;;;;;;;;;;;;;;;;
28;279850.11;0.9998524;0.0276683;-0.0000000039100;0.0000000036100;-0.0000000015300;4291896.14;-0.0276867;0.9998651;0.0000000002600;-0.0000000008500;-0.0000000077600;Αλευράδα;38.45;-2.15;;;;;;;;;;;;;;;;;;;;;;;;;;;;;;
29;497061.31;0.9996101;0.0003644;0.0000000005100;0.0000000002000;0.0000000002400;4233369.39;-0.0003656;0.9996466;-0.0000000002400;-0.0000000005500;-0.0000000002600;Αλιβέριον;38.15;0.15;;;;;;;;;;;;;;;;;;;;;;;;;;;;;;
30;497101.84;0.9995705;0.0003652;-0.0000000008800;-0.0000000007700;-0.0000000023900;4344325.14;-0.0004004;0.9995557;-0.0000000002200;-0.0000000017300;-0.0000000014200;Αλόννησος;39.15;0.15;;;;;;;;;;;;;;;;;;;;;;;;;;;;;;
31;410824.53;0.9996479;0.0114383;-0.0000000006200;0.0000000009500;0.0000000004500;4344835.32;-0.0114420;0.9996475;-0.0000000006500;0.0000000002900;-0.0000000017300;Αλμυρός;39.15;-0.45;;;;;;;;;;;;;;;;;;;;;;;;;;;;;;
32;276805.78;0.9998655;0.0271118;-0.0000000028500;0.0000000027300;-0.0000000004800;4180923.70;-0.0271094;0.9998676;0.0000000002300;-0.0000000001800;-0.0000000056200;Αμαλιάς;37.45;-2.15;;;;;;;;;;;;;;;;;;;;;;;;;;;;;;
33;195095.61;0.9999789;0.0390932;-0.0000000036700;0.0000000036100;-0.0000000006000;4350284.35;-0.0390904;0.9999804;0.0000000002100;-0.0000000004800;-0.0000000073700;Αμμουδιά;39.15;-3.15;;;;;;;;;;;;;;;;;;;;;;;;;;;;;;
34;675522.25;0.9997942;-0.0205583;0.0000000025800;-0.0000000020000;-0.0000000016300;4068776.74;0.0205361;0.9997645;0.0000000000500;0.0000000000900;0.0000000044300;Αμοργός;36.45;2.15;;;;;;;;;;;;;;;;;;;;;;;;;;;;;;
35;322071.38;0.9997653;0.0220196;-0.0000000019200;0.0000000016300;-0.0000000002000;4235326.09;-0.0219578;0.9998968;-0.0000000008700;-0.0000000027600;-0.0000000049200;Αμυγδαλέα;38.15;-1.45;;;;;;;;;;;;;;;;;;;;;;;;;;;;;;
36;366746.52;0.9997048;0.0167687;-0.0000000010200;0.0000000022100;0.0000000007000;4289963.81;-0.0167636;0.9996878;-0.0000000003700;-0.0000000004000;-0.0000000029000;Αμφίκλεια;38.45;-1.15;;;;;;;;;;;;;;;;;;;;;;;;;;;;;;
37;236395.18;0.9999088;0.0331796;-0.0000000033000;0.0000000032100;-0.0000000005200;4293221.14;-0.0331876;0.9999168;0.0000000001300;0.0000000000000;-0.0000000064700;Αμφιλοχία;38.45;-2.45;;;;;;;;;;;;;;;;;;;;;;;;;;;;;;
38;366746.60;0.9996808;0.0167739;-0.0000000006100;0.0000000019800;-0.0000000004800;4289963.70;-0.0167698;0.9996828;-0.0000000009000;0.0000000001300;-0.0000000022400;’μφισσα;38.45;-1.15;;;;;;;;;;;;;;;;;;;;;;;;;;;;;;
39;452679.92;0.9996280;0.0056605;0.0000000000700;0.0000000008500;0.0000000004500;4122565.15;-0.0056570;0.9996206;-0.0000000000100;0.0000000001600;-0.0000000015500;Ανατολ.Ύδρα;37.15;-0.15;;;;;;;;;;;;;;;;;;;;;;;;;;;;;;
40;585124.89;0.9996411;-0.0103188;0.0000000011600;-0.0000000009600;0.0000000000900;4178339.97;0.0103221;0.9996385;0.0000000000700;0.0000000000400;0.0000000021100;’νδρος;37.45;1.15;;;;;;;;;;;;;;;;;;;;;;;;;;;;;;
41;243923.60;0.9998098;0.0346103;-0.0000000032800;0.0000000031300;-0.0000000004100;4515225.18;-0.0345871;0.9998054;-0.0000000003700;-0.0000000003300;-0.0000000059300;Ανταρτικόν;40.45;-2.45;;;;;;;;;;;;;;;;;;;;;;;;;;;;;;
42;451761.85;0.9996397;0.0054326;-0.0000000002200;0.0000000006300;0.0000000000600;3956197.62;-0.0054298;0.9996287;-0.0000000006200;-0.0000000008800;-0.0000000028200;Αντικύθηρα;35.45;-0.15;;;;;;;;;;;;;;;;;;;;;;;;;;;;;;
43;587903.12;0.9996239;-0.0096907;0.0000000009200;-0.0000000011200;0.0000000001600;3901042.10;0.0096897;0.9996203;0.0000000000000;-0.0000000001500;0.0000000019500;Αντισκάριον;35.15;1.15;;;;;;;;;;;;;;;;;;;;;;;;;;;;;;
44;633386.33;0.9997178;-0.0148060;0.0000000009600;-0.0000000017500;0.0000000016800;3901598.47;0.0147836;0.9997164;-0.0000000009300;0.0000000008600;0.0000000026300;’νω-Βιάννος;35.15;1.45;;;;;;;;;;;;;;;;;;;;;;;;;;;;;;
45;587903.08;0.9996394;-0.0096683;0.0000000001100;-0.0000000007700;0.0000000012800;3901042.00;0.0096726;0.9996644;-0.0000000000200;-0.0000000000100;0.0000000009900;Ανώγεια;35.15;1.15;;;;;;;;;;;;;;;;;;;;;;;;;;;;;;
46;365822.16;0.9996358;0.0165630;0.0000000002800;0.0000000018500;0.0000000002400;4234483.24;-0.0166185;0.9996973;0.0000000007200;0.0000000001400;-0.0000000024700;Αράχωβα;38.15;-1.15;;;;;;;;;;;;;;;;;;;;;;;;;;;;;;
47;410824.95;0.9996282;0.0114542;0.0000000005200;0.0000000011300;0.0000000009600;4344835.24;-0.0114073;0.9996532;-0.0000000010800;0.0000000007800;-0.0000000002200;Αργαλαστή;39.15;-0.45;;;;;;;;;;;;;;;;;;;;;;;;;;;;;;
48;364905.91;0.9997295;0.0163542;-0.0000000019500;0.0000000003600;0.0000000001000;4179006.55;-0.0163949;0.9996791;-0.0000000003000;-0.0000000013600;-0.0000000030600;’ργος;37.45;-1.15;;;;;;;;;;;;;;;;;;;;;;;;;;;;;;
49;284539.37;0.9997625;0.0285910;-0.0000000025000;0.0000000027100;-0.0000000002500;4458382.02;-0.0286009;0.9997829;0.0000000004700;-0.0000000002800;-0.0000000054300;’ργος-Ορεστικόν;40.15;-2.15;;;;;;;;;;;;;;;;;;;;;;;;;;;;;;
50;190802.24;1.0000548;0.0382526;-0.0000000037400;0.0000000035200;0.0000000001700;4239283.57;-0.0382625;1.0000599;0.0000000003900;0.0000000001900;-0.0000000074600;Αργοστόλιον;38.15;-3.15;;;;;;;;;;;;;;;;;;;;;;;;;;;;;;
51;363106.91;0.9997337;0.0160302;-0.0000000027000;0.0000000019200;-0.0000000007300;4068067.38;-0.0160286;0.9997373;0.0000000002300;-0.0000000003400;-0.0000000041700;Αρεόπολις;36.45;-1.15;;;;;;;;;;;;;;;;;;;;;;;;;;;;;;
52;454626.92;0.9996202;0.0060327;-0.0000000002500;0.0000000004400;-0.0000000000300;4455436.50;-0.0060317;0.9996166;0.0000000000600;0.0000000001000;-0.0000000008900;Αρναία;40.15;-0.15;;;;;;;;;;;;;;;;;;;;;;;;;;;;;;
53;328344.58;0.9996969;0.0231864;-0.0000000020000;0.0000000020000;-0.0000000003500;4512785.39;-0.0231862;0.9996920;0.0000000001200;-0.0000000002400;-0.0000000042000;’ρνισσα;40.45;-1.45;;;;;;;;;;;;;;;;;;;;;;;;;;;;;;
54;238247.86;0.9998835;0.0335501;-0.0000000033100;0.0000000031900;-0.0000000004000;4348716.91;-0.0335556;0.9998845;0.0000000000000;-0.0000000002400;-0.0000000062400;’ρτα;39.15;-2.45;;;;;;;;;;;;;;;;;;;;;;;;;;;;;;
55;856398.54;1.0003470;-0.0409876;0.0000000044500;-0.0000000042800;-0.0000000014300;4018803.45;0.0409873;1.0003529;0.0000000005100;-0.0000000003700;0.0000000087000;Αρχάγγελος;36.15;4.15;;;;;;;;;;;;;;;;;;;;;;;;;;;;;;
56;236395.18;0.9999088;0.0331796;-0.0000000033000;0.0000000032100;-0.0000000005200;4293221.14;-0.0331876;0.9999168;0.0000000001300;0.0000000000000;-0.0000000064700;Αστακός;38.45;-2.45;;;;;;;;;;;;;;;;;;;;;;;;;;;;;;
57;364001.39;0.9997239;0.0162086;-0.0000000019500;0.0000000017200;-0.0000000001200;4123535.02;-0.0162181;0.9997184;0.0000000000600;-0.0000000001900;-0.0000000035000;’στρος;37.15;-1.15;;;;;;;;;;;;;;;;;;;;;;;;;;;;;;
58;720162.69;0.9998441;-0.0257307;0.0000000030900;-0.0000000021800;-0.0000000015100;4069798.96;0.0257285;0.9998960;0.0000000001500;0.0000000008100;0.0000000046700;Αστυπάλαια;36.45;2.45;;;;;;;;;;;;;;;;;;;;;;;;;;;;;;
59;587913.00;0.9996036;-0.0091039;0.0000000047300;0.0000000078300;0.0000000014500;3901034.50;0.0097679;0.9991670;0.0000000013100;-0.0000000065900;0.0000000056500;Αχεντριάς;35.15;1.15;;;;;;;;;;;;;;;;;;;;;;;;;;;;;;
60;455303.29;0.9996127;0.0061435;-0.0000000006900;0.0000000011000;0.0000000005500;4566431.19;-0.0061520;0.9996201;-0.0000000001100;0.0000000003400;-0.0000000015200;Αχλαδοχώριον;41.15;-0.15;;;;;;;;;;;;;;;;;;;;;;;;;;;;;;
61;409569.23;0.9996647;0.0111731;-0.0000000013800;0.0000000012600;-0.0000000000200;4233875.43;-0.0111649;0.9996583;0.0000000000900;0.0000000001500;-0.0000000027500;Βάγια;38.15;-0.45;;;;;;;;;;;;;;;;;;;;;;;;;;;;;;
62;232749.25;1.0000795;0.0323747;-0.0000000060600;0.0000000063700;-0.0000000000300;4182235.55;-0.0324976;1.0001254;0.0000000028400;-0.0000000018300;-0.0000000120500;Βαρθολομιόν;37.45;-2.45;;;;;;;;;;;;;;;;;;;;;;;;;;;;;;
63;412106.94;0.9996474;0.0116691;-0.0000000009200;0.0000000010800;-0.0000000005000;4455812.81;-0.0116719;0.9996520;0.0000000003000;-0.0000000003700;-0.0000000021500;Βασιλικά;40.15;-0.45;;;;;;;;;;;;;;;;;;;;;;;;;;;;;;
64;199481.22;0.9999334;0.0399113;-0.0000000035100;0.0000000034700;-0.0000000001100;4461296.81;-0.0399157;0.9999094;0.0000000001200;-0.0000000006800;-0.0000000072800;Βασιλικόν;40.15;-3.15;;;;;;;;;;;;;;;;;;;;;;;;;;;;;;
65;496938.36;0.9996032;0.0003666;0.0000000001300;0.0000000002400;-0.0000000008500;3900618.84;-0.0003713;0.9995887;0.0000000005900;-0.0000000000900;0.0000000000900;Βατόλακκος;35.15;0.15;;;;;;;;;;;;;;;;;;;;;;;;;;;;;;
66;327063.85;0.9997106;0.0229562;-0.0000000021600;0.0000000020500;-0.0000000000800;4457285.55;-0.0229499;0.9997092;0.0000000003400;0.0000000000900;-0.0000000042200;Βελβεντός;40.15;-1.45;;;;;;;;;;;;;;;;;;;;;;;;;;;;;;
67;367684.08;0.9996790;0.0169527;-0.0000000017100;0.0000000016900;-0.0000000001700;4345447.64;-0.0169511;0.9996848;0.0000000003400;-0.0000000002800;-0.0000000033500;Βελεστίνον;39.15;-1.15;;;;;;;;;;;;;;;;;;;;;;;;;;;;;;
68;328344.58;0.9996969;0.0231864;-0.0000000020000;0.0000000020000;-0.0000000003500;4512785.39;-0.0231862;0.9996920;0.0000000001200;-0.0000000002400;-0.0000000042000;Βέροια;40.45;-1.45;;;;;;;;;;;;;;;;;;;;;;;;;;;;;;
69;286135.29;0.9997525;0.0288945;-0.0000000025800;0.0000000026300;-0.0000000000500;4513884.80;-0.0288922;0.9997499;0.0000000002700;-0.0000000002000;-0.0000000051400;Βεύη;40.45;-2.15;;;;;;;;;;;;;;;;;;;;;;;;;;;;;;
70;329638.18;0.9996651;0.0234008;-0.0000000014600;0.0000000014800;-0.0000000006300;4568288.43;-0.0234243;0.9996350;0.0000000009500;-0.0000000013700;-0.0000000041200;Βιτολίστε;41.15;-1.45;;;;;;;;;;;;;;;;;;;;;;;;;;;;;;
71;188691.70;1.0000492;0.0377897;-0.0000000031600;0.0000000040500;0.0000000011800;4183787.61;-0.0378103;1.0000914;-0.0000000002500;-0.0000000005300;-0.0000000076200;Βολίμαι;37.45;-3.15;;;;;;;;;;;;;;;;;;;;;;;;;;;;;;
72;670867.36;0.9997462;-0.0214286;0.0000000019100;-0.0000000019400;0.0000000003400;4290676.65;0.0214176;0.9997583;-0.0000000000500;0.0000000003800;0.0000000036800;Βολισσός;38.45;2.15;;;;;;;;;;;;;;;;;;;;;;;;;;;;;;
73;410824.53;0.9996479;0.0114383;-0.0000000006200;0.0000000009500;0.0000000004500;4344835.32;-0.0114420;0.9996475;-0.0000000006500;0.0000000002900;-0.0000000017300;Βόλος;39.15;-0.45;;;;;;;;;;;;;;;;;;;;;;;;;;;;;;
74;236395.18;0.9999088;0.0331796;-0.0000000033000;0.0000000032100;-0.0000000005200;4293221.14;-0.0331876;0.9999168;0.0000000001300;0.0000000000000;-0.0000000064700;Βόνιτσα;38.45;-2.45;;;;;;;;;;;;;;;;;;;;;;;;;;;;;;
75;496938.36;0.9996032;0.0003666;0.0000000001300;0.0000000002400;-0.0000000008500;3900618.84;-0.0003713;0.9995887;0.0000000005900;-0.0000000000900;0.0000000000900;Βρύσαι;35.15;0.15;;;;;;;;;;;;;;;;;;;;;;;;;;;;;;
76;664743.34;0.9996989;-0.0226246;0.0000000022000;-0.0000000020300;0.0000000000400;4568156.21;0.0226223;0.9996950;-0.0000000000200;-0.0000000002800;0.0000000041600;Βυρσίνη;41.15;2.15;;;;;;;;;;;;;;;;;;;;;;;;;;;;;;
77;540767.88;0.9990853;-0.0075251;-0.0000000024100;-0.0000000408500;-0.0000000173300;4233517.62;0.0055838;1.0026717;0.0000000035200;0.0000000492800;0.0000000178500;Γαύριον-Βόρ.;38.15;0.45;;;;;;;;;;;;;;;;;;;;;;;;;;;;;;
77;585124.89;0.9996411;-0.0103188;0.0000000011600;-0.0000000009600;0.0000000000900;4178339.97;0.0103221;0.9996385;0.0000000000700;0.0000000000400;0.0000000021100;Γαύριον-Ανατολ.;37.45;1.15;;;;;;;;;;;;;;;;;;;;;;;;;;;;;;
78;856398.54;1.0003470;-0.0409876;0.0000000044500;-0.0000000042800;-0.0000000014300;4018803.45;0.0409873;1.0003529;0.0000000005100;-0.0000000003700;0.0000000087000;Γεννάδιον;36.15;4.15;;;;;;;;;;;;;;;;;;;;;;;;;;;;;;
79;363106.91;0.9997337;0.0160302;-0.0000000027000;0.0000000019200;-0.0000000007300;4068067.38;-0.0160286;0.9997373;0.0000000002300;-0.0000000003400;-0.0000000041700;Γερολιμήν;36.45;-1.15;;;;;;;;;;;;;;;;;;;;;;;;;;;;;;
80;370551.88;0.9996670;0.0174749;-0.0000000025400;0.0000000020000;-0.0000000011900;4511926.58;-0.0174424;0.9996652;0.0000000012800;0.0000000000400;-0.0000000042600;Γιαννιτσά;40.45;-1.15;;;;;;;;;;;;;;;;;;;;;;;;;;;;;;
81;364001.39;0.9997239;0.0162086;-0.0000000019500;0.0000000017200;-0.0000000001200;4123535.02;-0.0162181;0.9997184;0.0000000000600;-0.0000000001900;-0.0000000035000;Γκοριτσά;37.15;-1.15;;;;;;;;;;;;;;;;;;;;;;;;;;;;;;
82;368630.23;0.9996727;0.0171317;-0.0000000014300;0.0000000013200;-0.0000000000100;4400936.37;-0.0171354;0.9996806;0.0000000002300;-0.0000000003200;-0.0000000031000;Γόννοι;39.45;-1.15;;;;;;;;;;;;;;;;;;;;;;;;;;;;;;
83;276805.78;0.9998655;0.0271118;-0.0000000028500;0.0000000027300;-0.0000000004800;4180923.70;-0.0271094;0.9998676;0.0000000002300;-0.0000000001800;-0.0000000056200;Γούμερον;37.45;-2.15;;;;;;;;;;;;;;;;;;;;;;;;;;;;;;
84;242011.95;0.9998371;0.0342580;-0.0000000032600;0.0000000030000;-0.0000000005300;4459719.05;-0.0342616;0.9998322;0.0000000001000;-0.0000000001700;-0.0000000061300;Γράμος;40.15;-2.45;;;;;;;;;;;;;;;;;;;;;;;;;;;;;;
85;284538.99;0.9997706;0.0285791;-0.0000000028900;0.0000000023300;0.0000000000600;4458382.39;-0.0286019;0.9997867;0.0000000006400;0.0000000002900;-0.0000000055600;Γρεβενά;40.15;-2.15;;;;;;;;;;;;;;;;;;;;;;;;;;;;;;
86;363106.83;0.9997371;0.0209876;-0.0000000018200;0.0000000016800;-0.0000000003900;4068066.63;-0.0160339;0.9997328;0.0000000001400;-0.0000000000100;-0.0000000029600;Γύθειον;36.45;-1.15;;;;;;;;;;;;;;;;;;;;;;;;;;;;;;
87;320857.52;0.9997806;0.0217461;-0.0000000021900;0.0000000023200;-0.0000000004600;4179847.36;-0.0217525;0.9997788;0.0000000000600;-0.0000000004100;-0.0000000045400;Δάφνη;37.45;-1.45;;;;;;;;;;;;;;;;;;;;;;;;;;;;;;
88;197276.84;0.9999511;0.0395039;-0.0000000036300;0.0000000037300;-0.0000000003100;4405788.91;-0.0395010;0.9999532;0.0000000002000;-0.0000000002200;-0.0000000072400;Δελβινάκιον;39.45;-3.15;;;;;;;;;;;;;;;;;;;;;;;;;;;;;;
89;365821.41;0.9997280;0.0166074;-0.0000000014900;0.0000000020900;0.0000000010000;4234482.96;-0.0165573;0.9997059;0.0000000000100;-0.0000000002700;-0.0000000024500;Δερβένιον;38.15;-1.15;;;;;;;;;;;;;;;;;;;;;;;;;;;;;;
90;325796.38;0.9996989;0.0226771;-0.0000000025600;0.0000000033900;0.0000000003900;4401790.18;-0.0227047;0.9997400;0.0000000002000;-0.0000000009000;-0.0000000051400;Δεσκάτη;39.45;-1.45;;;;;;;;;;;;;;;;;;;;;;;;;;;;;;
91;586257.34;0.9996395;-0.0100876;0.0000000009500;-0.0000000007300;-0.0000000004700;4067409.60;0.0100913;0.9996493;-0.0000000005900;-0.0000000001400;0.0000000022900;Δεσποτικόν;36.45;1.15;;;;;;;;;;;;;;;;;;;;;;;;;;;;;;
92;320857.52;0.9997806;0.0217461;-0.0000000021900;0.0000000023200;-0.0000000004600;4179847.36;-0.0217525;0.9997788;0.0000000000600;-0.0000000004100;-0.0000000045400;Δημητσάνα;37.45;-1.45;;;;;;;;;;;;;;;;;;;;;;;;;;;;;;
93;706634.88;0.9997463;-0.0283854;0.0000000023500;-0.0000000024800;-0.0000000002600;4569224.89;0.0283881;0.9997460;0.0000000001600;0.0000000000200;0.0000000050200;Διδυμότειχον;41.15;2.45;;;;;;;;;;;;;;;;;;;;;;;;;;;;;;
94;197276.84;0.9999511;0.0395039;-0.0000000036300;0.0000000037300;-0.0000000003100;4405788.91;-0.0395010;0.9999532;0.0000000002000;-0.0000000002200;-0.0000000072400;Δολιανά;39.45;-3.15;;;;;;;;;;;;;;;;;;;;;;;;;;;;;;
95;367683.96;0.9996854;0.0169372;-0.0000000009100;0.0000000014100;-0.0000000010400;4345448.14;-0.0169219;0.9997116;0.0000000008700;-0.0000000001000;-0.0000000018400;Δομοκός;39.15;-1.15;;;;;;;;;;;;;;;;;;;;;;;;;;;;;;
96;497190.17;0.9996089;0.0004000;0.0000000000200;0.0000000001100;-0.0000000000800;4566293.81;-0.0004027;0.9996091;0.0000000001500;0.0000000001600;-0.0000000001800;Δράμα;41.15;0.15;;;;;;;;;;;;;;;;;;;;;;;;;;;;;;
97;630888.28;0.9996968;-0.0153116;0.0000000016300;-0.0000000015600;-0.0000000000300;4067976.46;0.0153141;0.9996877;0.0000000000600;0.0000000002500;0.0000000031300;Δυτικ.Ηράκλεια;36.45;1.45;;;;;;;;;;;;;;;;;;;;;;;;;;;;;;
98;328344.58;0.9996969;0.0231864;-0.0000000020000;0.0000000020000;-0.0000000003500;4512785.39;-0.0231862;0.9996920;0.0000000001200;-0.0000000002400;-0.0000000042000;Έδεσσα;40.45;-1.45;;;;;;;;;;;;;;;;;;;;;;;;;;;;;;
99;325796.29;0.9997039;0.0227110;-0.0000000015000;0.0000000019600;0.0000000002600;4401790.36;-0.0227135;0.9997116;-0.0000000007400;-0.0000000002000;-0.0000000031400;Ελασσών;39.45;-1.45;;;;;;;;;;;;;;;;;;;;;;;;;;;;;;
100;410192.92;0.9996655;0.0112982;-0.0000000014700;0.0000000011700;-0.0000000000100;4289353.75;-0.0113001;0.9996726;0.0000000002700;0.0000000002900;-0.0000000021500;Ελάτεια;38.45;-0.45;;;;;;;;;;;;;;;;;;;;;;;;;;;;;;
101;856398.54;1.0003470;-0.0409876;0.0000000044500;-0.0000000042800;-0.0000000014300;4018803.45;0.0409873;1.0003529;0.0000000005100;-0.0000000003700;0.0000000087000;Έμπωνας;36.15;4.15;;;;;;;;;;;;;;;;;;;;;;;;;;;;;;
102;587903.13;0.9996119;-0.0096913;0.0000000023000;-0.0000000012900;-0.0000000007900;3901042.23;0.0097180;0.9996302;-0.0000000004200;-0.0000000001200;0.0000000026700;Επάνω-Αρχάναι;35.15;1.15;;;;;;;;;;;;;;;;;;;;;;;;;;;;;;
103;412106.94;0.9996474;0.0116691;-0.0000000009200;0.0000000010800;-0.0000000005000;4455812.81;-0.0116719;0.9996520;0.0000000003000;-0.0000000003700;-0.0000000021500;Επανομή;40.15;-0.45;;;;;;;;;;;;;;;;;;;;;;;;;;;;;;
104;669670.67;0.9997204;-0.0216595;0.0000000020100;-0.0000000023900;-0.0000000000200;4346168.76;0.0216577;0.9997199;0.0000000001000;-0.0000000001400;0.0000000043000;Ερεσός;39.15;2.15;;;;;;;;;;;;;;;;;;;;;;;;;;;;;;
105;585694.53;0.9996293;-0.0102099;0.0000000012400;-0.0000000012300;-0.0000000001000;4122872.55;0.0101990;0.9996365;-0.0000000002200;0.0000000000000;0.0000000020500;Ερμούπολις;37.15;1.15;;;;;;;;;;;;;;;;;;;;;;;;;;;;;;
106;453315.02;0.9996023;0.0057615;-0.0000000020100;0.0000000002700;-0.0000000000600;4233504.49;-0.0058290;0.9996627;-0.0000000011000;0.0000000005100;-0.0000000023600;Ερυθραί;38.15;-0.15;;;;;;;;;;;;;;;;;;;;;;;;;;;;;;
107;371527.43;0.9996506;0.0176662;-0.0000000009900;0.0000000017600;-0.0000000000300;4567428.49;-0.0176464;0.9996384;0.0000000000000;-0.0000000004700;-0.0000000027900;Εύζωνοι;41.15;-1.15;;;;;;;;;;;;;;;;;;;;;;;;;;;;;;
108;278318.47;0.9998303;0.0274037;-0.0000000018100;0.0000000025600;0.0000000001100;4236408.18;-0.0274162;0.9998543;0.0000000006000;0.0000000000100;-0.0000000050300;Ευηνοχώριον;38.15;-2.15;;;;;;;;;;;;;;;;;;;;;;;;;;;;;;
109;367684.08;0.9996790;0.0169527;-0.0000000017100;0.0000000016900;-0.0000000001700;4345447.64;-0.0169511;0.9996848;0.0000000003400;-0.0000000002800;-0.0000000033500;Ευξεινούπολις;39.15;-1.15;;;;;;;;;;;;;;;;;;;;;;;;;;;;;;
110;234562.88;0.9999311;0.0328613;-0.0000000029500;0.0000000030400;-0.0000000013700;4237728.47;-0.0328570;0.9999141;0.0000000003700;0.0000000001600;-0.0000000058100;Εχινάδες;38.15;-2.45;;;;;;;;;;;;;;;;;;;;;;;;;;;;;;
111;580964.99;0.9996376;-0.0111061;0.0000000009800;-0.0000000008100;-0.0000000000600;4566742.66;0.0111010;0.9996320;-0.0000000001200;-0.0000000000200;0.0000000018900;Εχίνος;41.15;1.15;;;;;;;;;;;;;;;;;;;;;;;;;;;;;;
112;454963.16;0.9995952;0.0060915;-0.0000000010900;0.0000000009000;-0.0000000006300;4510931.52;-0.0060980;0.9996184;0.0000000001900;-0.0000000003300;-0.0000000015300;Ζαγκλιβέριον;40.45;-0.15;;;;;;;;;;;;;;;;;;;;;;;;;;;;;;
113;410824.42;0.9996643;0.0114359;-0.0000000020800;0.0000000008700;-0.0000000003200;4344835.57;-0.0114467;0.9996184;0.0000000006300;0.0000000006300;-0.0000000021300;Ζαγορά;39.15;-0.45;;;;;;;;;;;;;;;;;;;;;;;;;;;;;;
114;232751.70;0.9999545;0.0324714;-0.0000000034300;0.0000000033300;-0.0000000004100;4182239.13;-0.0324714;0.9999518;0.0000000001500;-0.0000000001800;-0.0000000069400;Ζάκυνθος;37.45;-2.45;;;;;;;;;;;;;;;;;;;;;;;;;;;;;;
115;587903.13;0.9996119;-0.0096913;0.0000000023000;-0.0000000012900;-0.0000000007900;3901042.23;0.0097180;0.9996302;-0.0000000004200;-0.0000000001200;0.0000000026700;Ηράκλειον;35.15;1.15;;;;;;;;;;;;;;;;;;;;;;;;;;;;;;
116;412758.03;0.9996334;0.0117896;-0.0000000010600;0.0000000010500;-0.0000000000200;4511308.92;-0.0117829;0.9996386;0.0000000001400;-0.0000000001400;-0.0000000020400;Θέρμη;40.45;-0.45;;;;;;;;;;;;;;;;;;;;;;;;;;;;;;
117;279848.21;0.9997972;0.0276783;-0.0000000007400;0.0000000019600;0.0000000029000;4291896.68;-0.0276454;0.9998328;-0.0000000022000;0.0000000015100;-0.0000000034900;Θέρμον;38.45;-2.15;;;;;;;;;;;;;;;;;;;;;;;;;;;;;;
118;412758.03;0.9996334;0.0117896;-0.0000000010600;0.0000000010500;-0.0000000000200;4511308.92;-0.0117829;0.9996386;0.0000000001400;-0.0000000001400;-0.0000000020400;Θεσσαλονίκη;40.45;-0.45;;;;;;;;;;;;;;;;;;;;;;;;;;;;;;
119;453315.10;0.9996398;0.0057801;0.0000000001000;0.0000000004400;-0.0000000002300;4233504.44;-0.0057867;0.9996432;0.0000000001500;-0.0000000003000;-0.0000000007600;Θήβαι;38.15;-0.15;;;;;;;;;;;;;;;;;;;;;;;;;;;;;;
120;580964.99;0.9996376;-0.0111061;0.0000000009800;-0.0000000008100;-0.0000000000600;4566742.66;0.0111010;0.9996320;-0.0000000001200;-0.0000000000200;0.0000000018900;Ίασμος;41.15;1.15;;;;;;;;;;;;;;;;;;;;;;;;;;;;;;
121;633386.86;0.9997053;-0.0147522;0.0000000007500;-0.0000000011000;0.0000000021700;3901598.13;0.0147539;0.9997007;-0.0000000011800;0.0000000008400;0.0000000016700;Ιεράπετρα;35.15;1.45;;;;;;;;;;;;;;;;;;;;;;;;;;;;;;
122;497146.35;0.9996218;0.0004028;-0.0000000001700;0.0000000002600;0.0000000002700;4455299.91;-0.0003894;0.9996100;0.0000000001600;0.0000000001300;-0.0000000002700;Ιερισσός;40.15;0.15;;;;;;;;;;;;;;;;;;;;;;;;;;;;;;
123;190802.24;1.0000548;0.0382526;-0.0000000037400;0.0000000035200;0.0000000001700;4239283.57;-0.0382625;1.0000599;0.0000000003900;0.0000000001900;-0.0000000074600;Ιθάκη;38.15;-3.15;;;;;;;;;;;;;;;;;;;;;;;;;;;;;;
124;630888.28;0.9996968;-0.0153116;0.0000000016300;-0.0000000015600;-0.0000000000300;4067976.46;0.0153141;0.9996877;0.0000000000600;0.0000000002500;0.0000000031300;Ίος;36.45;1.45;;;;;;;;;;;;;;;;;;;;;;;;;;;;;;
125;410194.52;0.9996332;0.0112338;-0.0000000008600;0.0000000026700;0.0000000000700;4289353.04;-0.0112851;0.9996386;-0.0000000007700;-0.0000000001700;-0.0000000013500;Ιστιαία;38.45;-0.45;;;;;;;;;;;;;;;;;;;;;;;;;;;;;;
126;365821.54;0.9997155;0.0165960;-0.0000000023300;0.0000000013800;-0.0000000006400;4234482.93;-0.0165938;0.9997120;-0.0000000006300;-0.0000000000500;-0.0000000040100;Ιτέα;38.15;-1.15;;;;;;;;;;;;;;;;;;;;;;;;;;;;;;
127;240119.93;0.9998629;0.0339001;-0.0000000034000;0.0000000031800;-0.0000000004900;4404216.29;-0.0339085;0.9998642;0.0000000003500;-0.0000000002500;-0.0000000065800;Ιωάννινα;39.45;-2.45;;;;;;;;;;;;;;;;;;;;;;;;;;;;;;
128;539373.17;0.9996180;-0.0052977;0.0000000003900;-0.0000000004400;0.0000000002900;4510897.89;0.0052888;0.9996134;0.0000000002200;0.0000000004600;0.0000000013900;Καβάλα;40.45;0.45;;;;;;;;;;;;;;;;;;;;;;;;;;;;;;
129;319657.50;0.9997985;0.0215042;-0.0000000020900;0.0000000022600;-0.0000000004600;4124371.61;-0.0215025;0.9997914;0.0000000002000;-0.0000000002400;-0.0000000043800;Καλαμάτα;37.15;-1.45;;;;;;;;;;;;;;;;;;;;;;;;;;;;;;
130;236395.55;0.9998981;0.0331868;-0.0000000048600;0.0000000030600;-0.0000000000300;4293220.55;-0.0332230;0.9998956;0.0000000011700;-0.0000000003700;-0.0000000088700;Κάλαμος;38.45;-2.45;;;;;;;;;;;;;;;;;;;;;;;;;;;;;;
131;497146.35;0.9996218;0.0004028;-0.0000000001700;0.0000000002600;0.0000000002700;4455299.91;-0.0003894;0.9996100;0.0000000001600;0.0000000001300;-0.0000000002700;Καλαμίτσιον;40.15;0.15;;;;;;;;;;;;;;;;;;;;;;;;;;;;;;
132;282959.49;0.9997940;0.0283062;-0.0000000031000;0.0000000027700;-0.0000000004500;4402883.53;-0.0283143;0.9997862;0.0000000000500;-0.0000000002800;-0.0000000055200;Καλαμπάκα;39.45;-2.15;;;;;;;;;;;;;;;;;;;;;;;;;;;;;;
133;454626.92;0.9996202;0.0060327;-0.0000000002500;0.0000000004400;-0.0000000000300;4455436.50;-0.0060317;0.9996166;0.0000000000600;0.0000000001000;-0.0000000008900;Καλάνδρα;40.15;-0.15;;;;;;;;;;;;;;;;;;;;;;;;;;;;;;
134;764806.23;1.0000216;-0.0309756;0.0000000028000;-0.0000000031200;-0.0000000001400;4071065.87;0.0309675;1.0000044;0.0000000000600;-0.0000000002800;0.0000000068400;Κάλυμνος;36.45;3.15;;;;;;;;;;;;;;;;;;;;;;;;;;;;;;
135;195095.61;0.9999789;0.0390932;-0.0000000036700;0.0000000036100;-0.0000000006000;4350284.35;-0.0390904;0.9999804;0.0000000002100;-0.0000000004800;-0.0000000073700;Καναλλάκιον;39.15;-3.15;;;;;;;;;;;;;;;;;;;;;;;;;;;;;;
136;364905.80;0.9997169;0.0163973;-0.0000000015300;0.0000000019900;-0.0000000003700;4179006.59;-0.0164035;0.9997233;0.0000000002300;-0.0000000003600;-0.0000000033500;Κανδήλα;37.45;-1.15;;;;;;;;;;;;;;;;;;;;;;;;;;;;;;
137;409569.69;0.9996032;0.0111691;0.0000000000800;-0.0000000002900;-0.0000000010100;4233875.04;-0.0111433;0.9995753;-0.0000000002800;-0.0000000007000;0.0000000020200;Καπαρέλλιον;38.15;-0.45;;;;;;;;;;;;;;;;;;;;;;;;;;;;;;
138;318470.97;0.9998217;0.0212606;-0.0000000016600;0.0000000022200;-0.0000000004500;4068899.93;-0.0212553;0.9998139;0.0000000003000;-0.0000000004300;-0.0000000043100;Καρδαμύλη;36.45;-1.45;;;;;;;;;;;;;;;;;;;;;;;;;;;;;;
139;622853.46;0.9996736;-0.0168639;0.0000000017700;-0.0000000013500;0.0000000002900;4567328.83;0.0168717;0.9996625;-0.0000000001100;-0.0000000000600;0.0000000031900;Κάρδαμος;41.15;1.45;;;;;;;;;;;;;;;;;;;;;;;;;;;;;;
140;324541.65;0.9997474;0.0224766;-0.0000000020300;0.0000000012000;-0.0000000017700;4346298.09;-0.0225156;0.9997730;0.0000000005700;-0.0000000003300;-0.0000000021500;Καρδίτσα;39.15;-1.45;;;;;;;;;;;;;;;;;;;;;;;;;;;;;;
141;411462.95;0.9996459;0.0115743;-0.0000000008800;0.0000000011800;0.0000000005000;4400321.30;-0.0115678;0.9996399;0.0000000002700;0.0000000009800;-0.0000000032300;Καρίτσα;39.45;-0.45;;;;;;;;;;;;;;;;;;;;;;;;;;;;;;
142;673222.19;0.9997523;-0.0209967;0.0000000021900;-0.0000000029000;0.0000000001000;4179714.24;0.0209118;0.9997518;0.0000000010200;-0.0000000002600;0.0000000026200;Καρκινάγριον;37.45;2.15;;;;;;;;;;;;;;;;;;;;;;;;;;;;;;
143;154430.02;1.0000479;0.0451055;-0.0000000043800;0.0000000041500;-0.0000000005200;4407601.56;-0.0451088;1.0000568;0.0000000002000;-0.0000000000500;-0.0000000083100;Καρουσάδες;39.45;-3.45;;;;;;;;;;;;;;;;;;;;;;;;;;;;;;
144;768203.68;0.9999828;-0.0302224;0.0000000051100;-0.0000000035300;-0.0000000012100;3960111.66;0.0302334;1.0000149;0.0000000000700;-0.0000000007900;0.0000000078100;Κάρπαθος;35.45;3.15;;;;;;;;;;;;;;;;;;;;;;;;;;;;;;
145;323299.20;0.9997464;0.0222371;-0.0000000029600;0.0000000019900;-0.0000000004800;4290811.42;-0.0222404;0.9997713;0.0000000002100;0.0000000004200;-0.0000000043700;Καρπενήσιον;38.45;-1.45;;;;;;;;;;;;;;;;;;;;;;;;;;;;;;
146;497146.35;0.9996218;0.0004028;-0.0000000001700;0.0000000002600;0.0000000002700;4455299.91;-0.0003894;0.9996100;0.0000000001600;0.0000000001300;-0.0000000002700;Καρυαί;40.15;0.15;;;;;;;;;;;;;;;;;;;;;;;;;;;;;;
147;540805.90;0.9996381;-0.0050086;0.0000000005300;0.0000000000700;0.0000000000700;4233471.85;0.0050258;0.9996628;-0.0000000000700;0.0000000006700;0.0000000008900;Κάρυστος;38.15;0.45;;;;;;;;;;;;;;;;;;;;;;;;;;;;;;
148;454626.92;0.9996202;0.0060327;-0.0000000002500;0.0000000004400;-0.0000000000300;4455436.50;-0.0060317;0.9996166;0.0000000000600;0.0000000001000;-0.0000000008900;Κασσάνδρεια;40.15;-0.15;;;;;;;;;;;;;;;;;;;;;;;;;;;;;;
149;282959.49;0.9997940;0.0283062;-0.0000000031000;0.0000000027700;-0.0000000004500;4402883.53;-0.0283143;0.9997862;0.0000000000500;-0.0000000002800;-0.0000000055200;Καστανέα;39.45;-2.15;;;;;;;;;;;;;;;;;;;;;;;;;;;;;;
150;413415.77;0.9996366;0.0119018;-0.0000000014500;0.0000000008500;0.0000000002300;4566809.57;-0.0119003;0.9996310;-0.0000000001800;-0.0000000004200;-0.0000000019300;Καστανούσσα;41.15;-0.45;;;;;;;;;;;;;;;;;;;;;;;;;;;;;;
151;451456.89;0.9996228;0.0054260;-0.0000000009400;0.0000000007000;0.0000000000400;3900750.66;-0.0054257;0.9996142;-0.0000000000700;0.0000000000500;-0.0000000013900;Καστέλλιον;35.15;-0.15;;;;;;;;;;;;;;;;;;;;;;;;;;;;;;
152;286135.29;0.9997525;0.0288945;-0.0000000025800;0.0000000026300;-0.0000000000500;4513884.80;-0.0288922;0.9997499;0.0000000002700;-0.0000000002000;-0.0000000051400;Καστοριά;40.45;-2.15;;;;;;;;;;;;;;;;;;;;;;;;;;;;;;
153;369585.94;0.9996775;0.0173122;-0.0000000010400;0.0000000018100;-0.0000000003600;4456429.27;-0.0173071;0.9996669;0.0000000001000;0.0000000002300;-0.0000000030300;Κατερίνη;40.15;-1.15;;;;;;;;;;;;;;;;;;;;;;;;;;;;;;
154;497190.17;0.9996089;0.0004000;0.0000000000200;0.0000000001100;-0.0000000000800;4566293.81;-0.0004027;0.9996091;0.0000000001500;0.0000000001600;-0.0000000001800;Κάτω-Νευροκόπιον;41.15;0.15;;;;;;;;;;;;;;;;;;;;;;;;;;;;;;
155;678873.31;0.9997753;-0.0197930;0.0000000024000;-0.0000000021800;0.0000000002100;3902383.78;0.0197793;0.9997773;0.0000000001600;0.0000000002700;0.0000000046200;Κάτω-Χωρίον;35.15;2.15;;;;;;;;;;;;;;;;;;;;;;;;;;;;;;
156;319657.50;0.9997985;0.0215042;-0.0000000020900;0.0000000022600;-0.0000000004600;4124371.61;-0.0215025;0.9997914;0.0000000002000;-0.0000000002400;-0.0000000043800;Κάτω-Φιγαλεία;37.15;-1.45;;;;;;;;;;;;;;;;;;;;;;;;;;;;;;
157;413415.77;0.9996366;0.0119018;-0.0000000014500;0.0000000008500;0.0000000002300;4566809.57;-0.0119003;0.9996310;-0.0000000001800;-0.0000000004200;-0.0000000019300;Κερκίνη;41.15;-0.45;;;;;;;;;;;;;;;;;;;;;;;;;;;;;;
158;154430.02;1.0000479;0.0451055;-0.0000000043800;0.0000000041500;-0.0000000005200;4407601.56;-0.0451088;1.0000568;0.0000000002000;-0.0000000000500;-0.0000000083100;Κέρκυρα;39.45;-3.45;;;;;;;;;;;;;;;;;;;;;;;;;;;;;;
159;320857.52;0.9997806;0.0217461;-0.0000000021900;0.0000000023200;-0.0000000004600;4179847.36;-0.0217525;0.9997788;0.0000000000600;-0.0000000004100;-0.0000000045400;Κέρτεζη;37.45;-1.45;;;;;;;;;;;;;;;;;;;;;;;;;;;;;;
160;764806.23;1.0000216;-0.0309756;0.0000000028000;-0.0000000031200;-0.0000000001400;4071065.87;0.0309675;1.0000044;0.0000000000600;-0.0000000002800;0.0000000068400;Κέφαλος;36.45;3.15;;;;;;;;;;;;;;;;;;;;;;;;;;;;;;
161;497060.57;0.9996361;0.0003088;0.0000000006600;-0.0000000010500;-0.0000000017900;4233371.15;-0.0003023;0.9996415;0.0000000012500;-0.0000000008000;0.0000000024300;Κηφισιά;38.15;0.15;;;;;;;;;;;;;;;;;;;;;;;;;;;;;;
162;412758.03;0.9996334;0.0117896;-0.0000000010600;0.0000000010500;-0.0000000000200;4511308.92;-0.0117829;0.9996386;0.0000000001400;-0.0000000001400;-0.0000000020400;Κιλκίς;40.45;-0.45;;;;;;;;;;;;;;;;;;;;;;;;;;;;;;
163;541628.29;0.9996078;-0.0048699;0.0000000006400;-0.0000000006500;0.0000000002900;4067075.64;0.0048678;0.9996096;0.0000000000400;0.0000000001900;0.0000000010200;Κίμωλος;36.45;0.45;;;;;;;;;;;;;;;;;;;;;;;;;;;;;;
164;323299.20;0.9997464;0.0222371;-0.0000000029600;0.0000000019900;-0.0000000004800;4290811.42;-0.0222404;0.9997713;0.0000000002100;0.0000000004200;-0.0000000043700;Κλεπά;38.45;-1.45;;;;;;;;;;;;;;;;;;;;;;;;;;;;;;
165;197276.84;0.9999511;0.0395039;-0.0000000036300;0.0000000037300;-0.0000000003100;4405788.91;-0.0395010;0.9999532;0.0000000002000;-0.0000000002200;-0.0000000072400;Κληματιά;39.45;-3.15;;;;;;;;;;;;;;;;;;;;;;;;;;;;;;
166;284538.88;0.9997838;0.0285712;-0.0000000027800;0.0000000024100;0.0000000004400;4458382.53;-0.0286207;0.9997869;0.0000000001400;0.0000000001400;-0.0000000054600;Κνίδη;40.15;-2.15;;;;;;;;;;;;;;;;;;;;;;;;;;;;;;
167;327063.85;0.9997106;0.0229562;-0.0000000021600;0.0000000020500;-0.0000000000800;4457285.55;-0.0229499;0.9997092;0.0000000003400;0.0000000000900;-0.0000000042200;Κοζάνη;40.15;-1.45;;;;;;;;;;;;;;;;;;;;;;;;;;;;;;
168;369585.94;0.9996775;0.0173122;-0.0000000010400;0.0000000018100;-0.0000000003600;4456429.27;-0.0173071;0.9996669;0.0000000001000;0.0000000002300;-0.0000000030300;Κολινδρός;40.15;-1.15;;;;;;;;;;;;;;;;;;;;;;;;;;;;;;
169;364001.39;0.9997239;0.0162086;-0.0000000019500;0.0000000017200;-0.0000000001200;4123535.02;-0.0162181;0.9997184;0.0000000000600;-0.0000000001900;-0.0000000035000;Κολλίναι;37.15;-1.15;;;;;;;;;;;;;;;;;;;;;;;;;;;;;;
170;622853.46;0.9996736;-0.0168639;0.0000000017700;-0.0000000013500;0.0000000002900;4567328.83;0.0168717;0.9996625;-0.0000000001100;-0.0000000000600;0.0000000031900;Κομοτηνή;41.15;1.45;;;;;;;;;;;;;;;;;;;;;;;;;;;;;;
171;242011.95;0.9998371;0.0342580;-0.0000000032600;0.0000000030000;-0.0000000005300;4459719.05;-0.0342616;0.9998322;0.0000000001000;-0.0000000001700;-0.0000000061300;Κόνιτσα;40.15;-2.45;;;;;;;;;;;;;;;;;;;;;;;;;;;;;;
172;369585.94;0.9996775;0.0173122;-0.0000000010400;0.0000000018100;-0.0000000003600;4456429.27;-0.0173071;0.9996669;0.0000000001000;0.0000000002300;-0.0000000030300;Κονταριώτισσα;40.15;-1.15;;;;;;;;;;;;;;;;;;;;;;;;;;;;;;
173;408952.17;0.9996667;0.0110237;-0.0000000017000;0.0000000016400;-0.0000000005200;4178401.68;-0.0110429;0.9996790;0.0000000001500;-0.0000000007500;-0.0000000027900;Κόρινθος;37.45;-0.45;;;;;;;;;;;;;;;;;;;;;;;;;;;;;;
174;243923.60;0.9998098;0.0346103;-0.0000000032800;0.0000000031300;-0.0000000004100;4515225.18;-0.0345871;0.9998054;-0.0000000003700;-0.0000000003300;-0.0000000059300;Κορυτσά;40.45;-2.45;;;;;;;;;;;;;;;;;;;;;;;;;;;;;;
175;318470.97;0.9998217;0.0212606;-0.0000000016600;0.0000000022200;-0.0000000004500;4068899.93;-0.0212553;0.9998139;0.0000000003000;-0.0000000004300;-0.0000000043100;Κορώνη;36.45;-1.45;;;;;;;;;;;;;;;;;;;;;;;;;;;;;;
176;370551.84;0.9996684;0.0174819;-0.0000000016500;0.0000000017700;-0.0000000004300;4511926.59;-0.0174752;0.9996749;0.0000000006100;-0.0000000003600;-0.0000000039100;Κουφάλια;40.45;-1.15;;;;;;;;;;;;;;;;;;;;;;;;;;;;;;
177;539077.27;0.9996394;-0.0053702;0.0000000002100;-0.0000000007600;0.0000000005700;4566397.91;0.0053610;0.9996014;-0.0000000006900;-0.0000000008000;0.0000000009500;Κρηνίδες;41.15;0.45;;;;;;;;;;;;;;;;;;;;;;;;;;;;;;
178;407143.51;0.9997341;0.0106820;-0.0000000009900;0.0000000011300;-0.0000000013600;4012007.25;-0.0106792;0.9997308;-0.0000000001400;-0.0000000012400;-0.0000000027400;Κύθηρα;36.15;-0.45;;;;;;;;;;;;;;;;;;;;;;;;;;;;;;
179;497082.12;0.9996506;0.0003829;-0.0000000001400;-0.0000000000500;0.0000000003000;4288846.54;-0.0003812;0.9996581;0.0000000000100;0.0000000003100;0.0000000000900;Κύμη;38.45;0.15;;;;;;;;;;;;;;;;;;;;;;;;;;;;;;
180;275310.52;0.9998582;0.0268044;-0.0000000019200;0.0000000028500;-0.0000000003800;4125442.66;-0.0268048;0.9998843;0.0000000005000;-0.0000000000100;-0.0000000053400;Κυπαρισσία;37.15;-2.15;;;;;;;;;;;;;;;;;;;;;;;;;;;;;;
181;497102.18;0.9996189;0.0003919;-0.0000000000700;0.0000000022300;-0.0000000065100;4344325.72;-0.0003876;0.9995613;0.0000000004900;-0.0000000007400;0.0000000007300;Κυρά-Παναγιά;39.15;0.15;;;;;;;;;;;;;;;;;;;;;;;;;;;;;;
182;764806.23;1.0000216;-0.0309756;0.0000000028000;-0.0000000031200;-0.0000000001400;4071065.87;0.0309675;1.0000044;0.0000000000600;-0.0000000002800;0.0000000068400;Κώς;36.45;3.15;;;;;;;;;;;;;;;;;;;;;;;;;;;;;;
183;366746.37;0.9996501;0.0168119;-0.0000000015900;0.0000000005400;0.0000000027900;4289963.64;-0.0167124;0.9996894;0.0000000029500;0.0000000009800;-0.0000000052200;Λαμία;38.45;-1.15;;;;;;;;;;;;;;;;;;;;;;;;;;;;;;
184;368630.23;0.9996727;0.0171317;-0.0000000014300;0.0000000013200;-0.0000000000100;4400936.37;-0.0171354;0.9996806;0.0000000002300;-0.0000000003200;-0.0000000031000;Λάρισα;39.45;-1.15;;;;;;;;;;;;;;;;;;;;;;;;;;;;;;
185;453637.60;0.9996193;0.0058377;-0.0000000006500;0.0000000005900;-0.0000000000100;4288980.93;-0.0058421;0.9996147;0.0000000002400;-0.0000000005100;-0.0000000015300;Λάρυμνα;38.45;-0.15;;;;;;;;;;;;;;;;;;;;;;;;;;;;;;
186;497040.38;0.9996289;0.0003712;-0.0000000002600;0.0000000003400;0.0000000011100;4177897.35;-0.0003763;0.9996216;-0.0000000001500;0.0000000005200;-0.0000000002200;Λαύριον;37.45;0.15;;;;;;;;;;;;;;;;;;;;;;;;;;;;;;
187;412758.03;0.9996334;0.0117896;-0.0000000010600;0.0000000010500;-0.0000000000200;4511308.92;-0.0117829;0.9996386;0.0000000001400;-0.0000000001400;-0.0000000020400;Λαχανάς;40.45;-0.45;;;;;;;;;;;;;;;;;;;;;;;;;;;;;;
188;409569.23;0.9996647;0.0111731;-0.0000000013800;0.0000000012600;-0.0000000000200;4233875.43;-0.0111649;0.9996583;0.0000000000900;0.0000000001500;-0.0000000027500;Λεβάδεια;38.15;-0.45;;;;;;;;;;;;;;;;;;;;;;;;;;;;;;
189;539077.27;0.9996394;-0.0053702;0.0000000002100;-0.0000000007600;0.0000000005700;4566397.91;0.0053610;0.9996014;-0.0000000006900;-0.0000000008000;0.0000000009500;Λεκάνη;41.15;0.45;;;;;;;;;;;;;;;;;;;;;;;;;;;;;;
190;324541.84;0.9996883;0.0224880;-0.0000000008300;0.0000000028400;0.0000000007700;4346299.22;-0.0224932;0.9997851;-0.0000000003800;0.0000000006800;-0.0000000049900;Λεοντάριον;39.15;-1.45;;;;;;;;;;;;;;;;;;;;;;;;;;;;;;
191;763077.78;0.9999598;-0.0313506;0.0000000020200;-0.0000000031600;-0.0000000010900;4126548.48;0.0313309;0.9999892;0.0000000001100;-0.0000000004000;0.0000000054800;Λέρος;37.15;3.15;;;;;;;;;;;;;;;;;;;;;;;;;;;;;;
192;192937.77;0.9999613;0.0386081;-0.0000000031900;0.0000000041900;0.0000000016900;4294783.56;-0.0387542;0.9999581;0.0000000024300;0.0000000016800;-0.0000000066800;Λεύκας;38.45;-3.15;;;;;;;;;;;;;;;;;;;;;;;;;;;;;;
193;154430.02;1.0000479;0.0451055;-0.0000000043800;0.0000000041500;-0.0000000005200;4407601.56;-0.0451088;1.0000568;0.0000000002000;-0.0000000000500;-0.0000000083100;Λευκίμμη;39.45;-3.45;;;;;;;;;;;;;;;;;;;;;;;;;;;;;;
194;408341.79;0.9996533;0.0109229;-0.0000000010500;0.0000000016100;-0.0000000005300;4122933.04;-0.0109270;0.9996643;-0.0000000001100;-0.0000000001000;-0.0000000023300;Λεωνίδιον;37.15;-0.45;;;;;;;;;;;;;;;;;;;;;;;;;;;;;;
195;154430.02;1.0000479;0.0451055;-0.0000000043800;0.0000000041500;-0.0000000005200;4407601.56;-0.0451088;1.0000568;0.0000000002000;-0.0000000000500;-0.0000000083100;Λιαπάδες;39.45;-3.45;;;;;;;;;;;;;;;;;;;;;;;;;;;;;;
196;327063.85;0.9997106;0.0229562;-0.0000000021600;0.0000000020500;-0.0000000000800;4457285.55;-0.0229499;0.9997092;0.0000000003400;0.0000000000900;-0.0000000042200;Λιβαδερόν;40.15;-1.45;;;;;;;;;;;;;;;;;;;;;;;;;;;;;;
197;327063.85;0.9997106;0.0229562;-0.0000000021600;0.0000000020500;-0.0000000000800;4457285.55;-0.0229499;0.9997092;0.0000000003400;0.0000000000900;-0.0000000042200;Λιβάδιον;40.15;-1.45;;;;;;;;;;;;;;;;;;;;;;;;;;;;;;
198;410192.92;0.9996655;0.0112982;-0.0000000014700;0.0000000011700;-0.0000000000100;4289353.75;-0.0113001;0.9996726;0.0000000002700;0.0000000002900;-0.0000000021500;Λιβανάται;38.45;-0.45;;;;;;;;;;;;;;;;;;;;;;;;;;;;;;
199;323299.43;0.9997683;0.0222544;-0.0000000027700;0.0000000021100;-0.0000000003600;4290811.11;-0.0222210;0.9997274;-0.0000000003700;-0.0000000009800;-0.0000000040900;Λιδορίκιον;38.45;-1.45;;;;;;;;;;;;;;;;;;;;;;;;;;;;;;
200;453637.60;0.9996193;0.0058377;-0.0000000006500;0.0000000005900;-0.0000000000100;4288980.93;-0.0058421;0.9996147;0.0000000002400;-0.0000000005100;-0.0000000015300;Λίμνη;38.45;-0.15;;;;;;;;;;;;;;;;;;;;;;;;;;;;;;
201;369585.94;0.9996775;0.0173122;-0.0000000010400;0.0000000018100;-0.0000000003600;4456429.27;-0.0173071;0.9996669;0.0000000001000;0.0000000002300;-0.0000000030300;Λιτόχωρον;40.15;-1.15;;;;;;;;;;;;;;;;;;;;;;;;;;;;;;
202;497168.04;0.9996234;0.0004059;-0.0000000000400;-0.0000000001100;-0.0000000003000;4510794.51;-0.0003987;0.9996108;-0.0000000000200;0.0000000004200;0.0000000000700;Λουτρά-Ελευθερών;40.45;0.15;;;;;;;;;;;;;;;;;;;;;;;;;;;;;;
203;408951.79;0.9996805;0.0110617;-0.0000000009200;0.0000000016400;0.0000000019500;4178401.62;-0.0110704;0.9996886;-0.0000000006200;0.0000000009300;-0.0000000038300;Λυγούριον;37.45;-0.45;;;;;;;;;;;;;;;;;;;;;;;;;;;;;;
204;623785.22;0.9996697;-0.0167072;0.0000000018200;-0.0000000011900;-0.0000000000900;4511826.59;0.0166824;0.9996562;0.0000000000500;0.0000000003500;0.0000000034700;Μαρώνεια;40.45;1.45;;;;;;;;;;;;;;;;;;;;;;;;;;;;;;
205;363106.91;0.9997337;0.0160302;-0.0000000027000;0.0000000019200;-0.0000000007300;4068067.38;-0.0160286;0.9997373;0.0000000002300;-0.0000000003400;-0.0000000041700;Μαυροβούνιον;36.45;-1.15;;;;;;;;;;;;;;;;;;;;;;;;;;;;;;
206;664743.34;0.9996989;-0.0226246;0.0000000022000;-0.0000000020300;0.0000000000400;4568156.21;0.0226223;0.9996950;-0.0000000000200;-0.0000000002800;0.0000000041600;Μέγα-Δέρειον;41.15;2.15;;;;;;;;;;;;;;;;;;;;;;;;;;;;;;
207;319657.50;0.9997985;0.0215042;-0.0000000020900;0.0000000022600;-0.0000000004600;4124371.61;-0.0215025;0.9997914;0.0000000002000;-0.0000000002400;-0.0000000043800;Μεγαλόπολις;37.15;-1.45;;;;;;;;;;;;;;;;;;;;;;;;;;;;;;
208;452996.01;0.9996362;0.0057472;-0.0000000000700;-0.0000000001100;-0.0000000002800;4178032.26;-0.0057297;0.9996069;-0.0000000000500;0.0000000008000;-0.0000000008700;Μέγαρα;37.45;-0.15;;;;;;;;;;;;;;;;;;;;;;;;;;;;;;
209;580964.99;0.9996376;-0.0111061;0.0000000009800;-0.0000000008100;-0.0000000000600;4566742.66;0.0111010;0.9996320;-0.0000000001200;-0.0000000000200;0.0000000018900;Μέδουσα;41.15;1.15;;;;;;;;;;;;;;;;;;;;;;;;;;;;;;
210;452995.99;0.9996179;0.0057364;-0.0000000006700;0.0000000010500;-0.0000000005800;4178032.08;-0.0057042;0.9995993;-0.0000000001500;-0.0000000010500;-0.0000000002600;Μέθανα;37.45;-0.15;;;;;;;;;;;;;;;;;;;;;;;;;;;;;;
211;542419.36;0.9995840;-0.0047089;0.0000000029800;-0.0000000018500;-0.0000000000100;3900716.49;0.0046614;0.9996009;0.0000000004100;-0.0000000004900;0.0000000030600;Μέλαμπες;35.15;0.45;;;;;;;;;;;;;;;;;;;;;;;;;;;;;;
212;319657.26;0.9997963;0.0214661;-0.0000000016200;0.0000000010800;-0.0000000001200;4124371.61;-0.0214859;0.9998000;0.0000000005800;0.0000000005000;-0.0000000045200;Μελιγαλάς;37.15;-1.45;;;;;;;;;;;;;;;;;;;;;;;;;;;;;;
213;581578.39;0.9996460;-0.0109579;0.0000000009000;-0.0000000019500;-0.0000000003300;4511242.60;0.0110169;0.9995749;0.0000000000300;0.0000000016100;0.0000000012600;Μέση;40.45;1.15;;;;;;;;;;;;;;;;;;;;;;;;;;;;;;
214;278319.52;0.9998033;0.0273654;-0.0000000041900;0.0000000042500;-0.0000000011300;4236410.38;-0.0274091;0.9997937;0.0000000003500;0.0000000010200;-0.0000000062600;Μεσολόγγιον;38.15;-2.15;;;;;;;;;;;;;;;;;;;;;;;;;;;;;;
215;243923.60;0.9998098;0.0346103;-0.0000000032800;0.0000000031300;-0.0000000004100;4515225.18;-0.0345871;0.9998054;-0.0000000003700;-0.0000000003300;-0.0000000059300;Μεσοποταμιά;40.45;-2.45;;;;;;;;;;;;;;;;;;;;;;;;;;;;;;
216;539077.21;0.9996137;-0.0053879;-0.0000000007600;0.0000000007800;-0.0000000019300;4566398.03;0.0053818;0.9995963;0.0000000005500;-0.0000000003900;-0.0000000000800;Μεσοχώριον;41.15;0.45;;;;;;;;;;;;;;;;;;;;;;;;;;;;;;
217;672050.45;0.9997406;-0.0212045;0.0000000019500;-0.0000000021300;-0.0000000000500;4235193.86;0.0212056;0.9997419;-0.0000000000500;-0.0000000001500;0.0000000040100;Μεστά;38.15;2.15;;;;;;;;;;;;;;;;;;;;;;;;;;;;;;
218;664743.28;0.9996909;-0.0226144;0.0000000038800;-0.0000000038000;-0.0000000004000;4568156.22;0.0226139;0.9996837;0.0000000003000;0.0000000001800;0.0000000077100;Μεταξάδες;41.15;2.15;;;;;;;;;;;;;;;;;;;;;;;;;;;;;;
219;240119.93;0.9998629;0.0339001;-0.0000000034000;0.0000000031800;-0.0000000004900;4404216.29;-0.0339085;0.9998642;0.0000000003500;-0.0000000002500;-0.0000000065800;Μέτσοβον;39.45;-2.45;;;;;;;;;;;;;;;;;;;;;;;;;;;;;;
220;669670.67;0.9997204;-0.0216595;0.0000000020100;-0.0000000023900;-0.0000000000200;4346168.76;0.0216577;0.9997199;0.0000000001000;-0.0000000001400;0.0000000043000;Μήθυμνα;39.15;2.15;;;;;;;;;;;;;;;;;;;;;;;;;;;;;;
221;541628.29;0.9996078;-0.0048699;0.0000000006400;-0.0000000006500;0.0000000002900;4067075.64;0.0048678;0.9996096;0.0000000000400;0.0000000001900;0.0000000010200;Μήλος;36.45;0.45;;;;;;;;;;;;;;;;;;;;;;;;;;;;;;
222;407739.43;0.9996729;0.0108029;-0.0000000013200;0.0000000011100;0.0000000000300;4067468.46;-0.0107992;0.9996781;-0.0000000000700;-0.0000000000800;-0.0000000025700;Μολάοι;36.45;-0.45;;;;;;;;;;;;;;;;;;;;;;;;;;;;;;
223;625620.17;0.9996578;-0.0162471;0.0000000015400;-0.0000000014600;-0.0000000002800;4400840.28;0.0162772;0.9996612;0.0000000008600;-0.0000000003200;0.0000000020900;Μούδρος;39.45;1.45;;;;;;;;;;;;;;;;;;;;;;;;;;;;;;
224;281396.35;0.9998058;0.0280200;-0.0000000027400;0.0000000023700;-0.0000000003600;4347388.28;-0.0280160;0.9998019;0.0000000002100;0.0000000002100;-0.0000000054900;Μουζάκιον;39.15;-2.15;;;;;;;;;;;;;;;;;;;;;;;;;;;;;;
225;633386.86;0.9997053;-0.0147522;0.0000000007500;-0.0000000011000;0.0000000021700;3901598.13;0.0147539;0.9997007;-0.0000000011800;0.0000000008400;0.0000000016700;Μοχός;35.15;1.45;;;;;;;;;;;;;;;;;;;;;;;;;;;;;;
226;242011.95;0.9998371;0.0342580;-0.0000000032600;0.0000000030000;-0.0000000005300;4459719.05;-0.0342616;0.9998322;0.0000000001000;-0.0000000001700;-0.0000000061300;Μπόροβα;40.15;-2.45;;;;;;;;;;;;;;;;;;;;;;;;;;;;;;
227;630033.81;0.9996885;-0.0154905;0.0000000015400;-0.0000000016000;-0.0000000002100;4123442.34;0.0154898;0.9996921;0.0000000000800;-0.0000000000400;0.0000000031100;Μύκονος;37.15;1.45;;;;;;;;;;;;;;;;;;;;;;;;;;;;;;
228;582787.81;0.9996442;-0.0106181;0.0000000007000;-0.0000000020800;-0.0000000001200;4400264.01;0.0106530;0.9996168;-0.0000000004700;-0.0000000000100;0.0000000028500;Μύρινα(Κάστρον);39.45;1.15;;;;;;;;;;;;;;;;;;;;;;;;;;;;;;
229;281396.35;0.9998058;0.0280200;-0.0000000027400;0.0000000023700;-0.0000000003600;4347388.28;-0.0280160;0.9998019;0.0000000002100;0.0000000002100;-0.0000000054900;Μυρόφυλλον;39.15;-2.15;;;;;;;;;;;;;;;;;;;;;;;;;;;;;;
230;622853.46;0.9996736;-0.0168639;0.0000000017700;-0.0000000013500;0.0000000002900;4567328.83;0.0168717;0.9996625;-0.0000000001100;-0.0000000000600;0.0000000031900;Μύτικας;41.15;1.45;;;;;;;;;;;;;;;;;;;;;;;;;;;;;;
231;712815.51;0.9998356;-0.0271599;0.0000000031600;-0.0000000022200;0.0000000011100;4347222.47;0.0271762;0.9998004;-0.0000000002700;0.0000000003200;0.0000000046700;Μυτιλήνη;39.15;2.45;;;;;;;;;;;;;;;;;;;;;;;;;;;;;;
232;630033.81;0.9996885;-0.0154905;0.0000000015400;-0.0000000016000;-0.0000000002100;4123442.34;0.0154898;0.9996921;0.0000000000800;-0.0000000000400;0.0000000031100;Νάξος;37.15;1.45;;;;;;;;;;;;;;;;;;;;;;;;;;;;;;
233;322072.85;0.9997341;0.0219520;-0.0000000028400;0.0000000024400;-0.0000000004700;4235328.17;-0.0219731;0.9998590;0.0000000011500;-0.0000000027400;-0.0000000036900;Ναύπακτος;38.15;-1.45;;;;;;;;;;;;;;;;;;;;;;;;;;;;;;
234;408951.92;0.9996475;0.0110332;-0.0000000011900;0.0000000004200;-0.0000000005100;4178401.41;-0.0110647;0.9996499;0.0000000006100;-0.0000000006700;-0.0000000029200;Ναύπλιον;37.45;-0.45;;;;;;;;;;;;;;;;;;;;;;;;;;;;;;
235;278319.01;0.9998206;0.0374444;-0.0000000046400;0.0000000035300;-0.0000000004400;4236407.64;-0.0274432;0.9998248;-0.0000000000200;-0.0000000006000;-0.0000000062900;Νέα-Μανολάς;38.15;-2.15;;;;;;;;;;;;;;;;;;;;;;;;;;;;;;
236;497061.26;0.9996595;0.0003688;0.0000000006400;-0.0000000000400;-0.0000000003800;4233369.60;-0.0003775;0.9996308;0.0000000001000;-0.0000000001200;-0.0000000002500;Ερέτρεια;38.15;0.15;;;;;;;;;;;;;;;;;;;;;;;;;;;;;;
237;407739.43;0.9996729;0.0108029;-0.0000000013200;0.0000000011100;0.0000000000300;4067468.46;-0.0107992;0.9996781;-0.0000000000700;-0.0000000000800;-0.0000000025700;Νεάπολις;36.45;-0.45;;;;;;;;;;;;;;;;;;;;;;;;;;;;;;
238;364905.80;0.9997169;0.0163973;-0.0000000015300;0.0000000019900;-0.0000000003700;4179006.59;-0.0164035;0.9997233;0.0000000002300;-0.0000000003600;-0.0000000033500;Νεμέα;37.45;-1.15;;;;;;;;;;;;;;;;;;;;;;;;;;;;;;
239;717273.56;0.9998988;-0.0263498;0.0000000010300;-0.0000000021200;-0.0000000000900;4180756.83;0.0263206;0.9998912;0.0000000004000;-0.0000000008400;0.0000000023900;Νέον-Καρλοβάσιον;37.45;2.45;;;;;;;;;;;;;;;;;;;;;;;;;;;;;;
240;455303.29;0.9996127;0.0061435;-0.0000000006900;0.0000000011000;0.0000000005500;4566431.19;-0.0061520;0.9996201;-0.0000000001100;0.0000000003400;-0.0000000015200;Νέον-Πετρίτσιον;41.15;-0.15;;;;;;;;;;;;;;;;;;;;;;;;;;;;;;
241;242011.95;0.9998371;0.0342580;-0.0000000032600;0.0000000030000;-0.0000000005300;4459719.05;-0.0342616;0.9998322;0.0000000001000;-0.0000000001700;-0.0000000061300;Νεστόριον;40.15;-2.45;;;;;;;;;;;;;;;;;;;;;;;;;;;;;;
242;582791.57;0.9995940;-0.0107606;0.0000000000000;-0.0000000013400;0.0000000011900;4400262.38;0.0107373;0.9995591;-0.0000000005600;0.0000000000300;0.0000000016700;Ν.Αγ.Ευστράτιος;39.45;1.15;;;;;;;;;;;;;;;;;;;;;;;;;;;;;;
243;676654.24;0.9996060;-0.0204187;-0.0000000084000;-0.0000000055900;-0.0000000124400;4013311.01;0.0202849;0.9997452;-0.0000000022300;-0.0000000019500;-0.0000000012800;Ν.Ανάφη;36.15;2.15;;;;;;;;;;;;;;;;;;;;;;;;;;;;;;
244;234562.88;0.9999311;0.0328613;-0.0000000029500;0.0000000030400;-0.0000000013700;4237728.47;-0.0328570;0.9999141;0.0000000003700;0.0000000001600;-0.0000000058100;Ν.’τοκος;38.15;-2.45;;;;;;;;;;;;;;;;;;;;;;;;;;;;;;
245;496938.36;0.9996032;0.0003666;0.0000000001300;0.0000000002400;-0.0000000008500;3900618.84;-0.0003713;0.9995887;0.0000000005900;-0.0000000000900;0.0000000000900;Ν.Γαύδος;35.15;0.15;;;;;;;;;;;;;;;;;;;;;;;;;;;;;;
246;678873.31;0.9997753;-0.0197930;0.0000000024000;-0.0000000021800;0.0000000002100;3902383.78;0.0197793;0.9997773;0.0000000001600;0.0000000002700;0.0000000046200;Ν.Διονυσάδες;35.15;2.15;;;;;;;;;;;;;;;;;;;;;;;;;;;;;;
247;539373.17;0.9996180;-0.0052977;0.0000000003900;-0.0000000004400;0.0000000002900;4510897.89;0.0052888;0.9996134;0.0000000002200;0.0000000004600;0.0000000013900;Ν.Θάσος;40.45;0.45;;;;;;;;;;;;;;;;;;;;;;;;;;;;;;
248;631732.68;0.9996712;-0.0151342;0.0000000009900;-0.0000000015900;0.0000000004000;4012515.44;0.0151400;0.9996667;-0.0000000004600;0.0000000005400;0.0000000026200;Ν.Θήρα;36.15;1.45;;;;;;;;;;;;;;;;;;;;;;;;;;;;;;
249;769868.68;1.0000390;-0.0298253;0.0000000029400;-0.0000000031700;-0.0000000014300;3904640.55;0.0297959;1.0000742;-0.0000000004600;-0.0000000016000;0.0000000071200;Ν.Κάσος;35.15;3.15;;;;;;;;;;;;;;;;;;;;;;;;;;;;;;
250;541083.17;0.9997222;-0.0049310;0.0000000021100;-0.0000000002700;0.0000000030600;4178003.78;0.0049671;0.9997197;-0.0000000007900;0.0000000025500;0.0000000016700;Ν.Κέα;37.45;0.45;;;;;;;;;;;;;;;;;;;;;;;;;;;;;;
251;541356.72;0.9996124;-0.0049226;0.0000000001300;-0.0000000005700;-0.0000000000600;4122536.94;0.0049278;0.9996081;-0.0000000003800;0.0000000001600;0.0000000010500;Ν.Κύθνος;37.15;0.45;;;;;;;;;;;;;;;;;;;;;;;;;;;;;;
252;720162.69;0.9998441;-0.0257307;0.0000000030900;-0.0000000021800;-0.0000000015100;4069798.96;0.0257285;0.9998960;0.0000000001500;0.0000000008100;0.0000000046700;Ν.Λέβιθα;36.45;2.45;;;;;;;;;;;;;;;;;;;;;;;;;;;;;;
253;764806.23;1.0000216;-0.0309756;0.0000000028000;-0.0000000031200;-0.0000000001400;4071065.87;0.0309675;1.0000044;0.0000000000600;-0.0000000002800;0.0000000068400;Ν.Νίσυρος;36.45;3.15;;;;;;;;;;;;;;;;;;;;;;;;;;;;;;
254;151940.06;0.9999385;0.0444926;0.0000000023800;0.0000000100100;0.0000000121500;4352090.45;-0.0445052;1.0001732;-0.0000000047900;-0.0000000036100;-0.0000000148500;Ν.Παξοί;39.15;-3.45;;;;;;;;;;;;;;;;;;;;;;;;;;;;;;
255;718726.76;0.9998246;-0.0260248;0.0000000046900;-0.0000000041700;-0.0000000000100;4125276.27;0.0260362;0.9998728;0.0000000002600;-0.0000000013100;0.0000000069300;Ν.Πάτμος;37.15;2.45;;;;;;;;;;;;;;;;;;;;;;;;;;;;;;
256;630033.81;0.9996885;-0.0154905;0.0000000015400;-0.0000000016000;-0.0000000002100;4123442.34;0.0154898;0.9996921;0.0000000000800;-0.0000000000400;0.0000000031100;Ν.Ρήνεια;37.15;1.45;;;;;;;;;;;;;;;;;;;;;;;;;;;;;;
257;624707.65;0.9996652;-0.0165408;0.0000000014200;-0.0000000013000;-0.0000000005100;4456328.48;0.0165431;0.9996716;-0.0000000001100;-0.0000000003500;0.0000000028200;Ν.Σαμοθράκη;40.15;1.45;;;;;;;;;;;;;;;;;;;;;;;;;;;;;;
258;541356.72;0.9996124;-0.0049226;0.0000000001300;-0.0000000005700;-0.0000000000600;4122536.94;0.0049278;0.9996081;-0.0000000003800;0.0000000001600;0.0000000010500;Ν.Σέριφος;37.15;0.45;;;;;;;;;;;;;;;;;;;;;;;;;;;;;;
259;541628.29;0.9996078;-0.0048699;0.0000000006400;-0.0000000006500;0.0000000002900;4067075.64;0.0048678;0.9996096;0.0000000000400;0.0000000001900;0.0000000010200;Ν.Σίφνος;36.45;0.45;;;;;;;;;;;;;;;;;;;;;;;;;;;;;;
260;497101.84;0.9995705;0.0003652;-0.0000000008800;-0.0000000007700;-0.0000000023900;4344325.14;-0.0004004;0.9995557;-0.0000000002200;-0.0000000017300;-0.0000000014200;Ν.Σκάντζουρα;39.15;0.15;;;;;;;;;;;;;;;;;;;;;;;;;;;;;;
261;721586.09;0.9998918;-0.0255135;0.0000000021200;-0.0000000002500;0.0000000000400;4014333.79;0.0254566;0.9999215;0.0000000007900;-0.0000000017200;0.0000000040200;Ν.Σοφράνα;36.15;2.45;;;;;;;;;;;;;;;;;;;;;;;;;;;;;;
262;854110.76;1.0003031;-0.0414640;0.0000000041400;-0.0000000046400;0.0000000005100;4074299.80;0.0414490;1.0002927;-0.0000000000600;-0.0000000000100;0.0000000082500;Ν.Σύμη;36.45;4.15;;;;;;;;;;;;;;;;;;;;;;;;;;;;;;
263;721586.09;0.9998918;-0.0255135;0.0000000021200;-0.0000000002500;0.0000000000400;4014333.79;0.0254566;0.9999215;0.0000000007900;-0.0000000017200;0.0000000040200;Ν.Σύρνα;36.15;2.45;;;;;;;;;;;;;;;;;;;;;;;;;;;;;;
264;318470.97;0.9998217;0.0212606;-0.0000000016600;0.0000000022200;-0.0000000004500;4068899.93;-0.0212553;0.9998139;0.0000000003000;-0.0000000004300;-0.0000000043100;Ν.Σχίζας;36.45;-1.45;;;;;;;;;;;;;;;;;;;;;;;;;;;;;;
265;811452.54;1.0001991;-0.0357896;0.0000000036000;-0.0000000036500;-0.0000000009000;4017078.70;0.0357825;1.0001830;0.0000000006300;0.0000000001000;0.0000000083000;Ν.Τήλος;36.15;3.45;;;;;;;;;;;;;;;;;;;;;;;;;;;;;;
266;497168.04;0.9996234;0.0004059;-0.0000000000400;-0.0000000001100;-0.0000000003000;4510794.51;-0.0003987;0.9996108;-0.0000000000200;0.0000000004200;0.0000000000700;Νικήσιανη;40.45;0.15;;;;;;;;;;;;;;;;;;;;;;;;;;;;;;
267;454626.92;0.9996202;0.0060327;-0.0000000002500;0.0000000004400;-0.0000000000300;4455436.50;-0.0060317;0.9996166;0.0000000000600;0.0000000001000;-0.0000000008900;Νικήτας;40.15;-0.15;;;;;;;;;;;;;;;;;;;;;;;;;;;;;;
268;539078.18;0.9995727;-0.0054024;-0.0000000024300;0.0000000001500;-0.0000000006000;4566397.68;0.0055339;0.9996222;0.0000000014700;-0.0000000010200;-0.0000000063400;Ντεβίν;41.15;0.45;;;;;;;;;;;;;;;;;;;;;;;;;;;;;;
269;497190.17;0.9996089;0.0004000;0.0000000000200;0.0000000001100;-0.0000000000800;4566293.81;-0.0004027;0.9996091;0.0000000001500;0.0000000001600;-0.0000000001800;Ντοσπάτ;41.15;0.15;;;;;;;;;;;;;;;;;;;;;;;;;;;;;;
270;154430.02;1.0000479;0.0451055;-0.0000000043800;0.0000000041500;-0.0000000005200;4407601.56;-0.0451088;1.0000568;0.0000000002000;-0.0000000000500;-0.0000000083100;Νύμφαι;39.45;-3.45;;;;;;;;;;;;;;;;;;;;;;;;;;;;;;
271;580964.99;0.9996376;-0.0111061;0.0000000009800;-0.0000000008100;-0.0000000000600;4566742.66;0.0111010;0.9996320;-0.0000000001200;-0.0000000000200;0.0000000018900;Ξάνθη;41.15;1.15;;;;;;;;;;;;;;;;;;;;;;;;;;;;;;
272;363106.91;0.9997337;0.0160302;-0.0000000027000;0.0000000019200;-0.0000000007300;4068067.38;-0.0160286;0.9997373;0.0000000002300;-0.0000000003400;-0.0000000041700;Ξηροκάμπιον;36.45;-1.15;;;;;;;;;;;;;;;;;;;;;;;;;;;;;;
273;623785.22;0.9996697;-0.0167072;0.0000000018200;-0.0000000011900;-0.0000000000900;4511826.59;0.0166824;0.9996562;0.0000000000500;0.0000000003500;0.0000000034700;Ξυλαγανή;40.45;1.45;;;;;;;;;;;;;;;;;;;;;;;;;;;;;;
274;365821.54;0.9997155;0.0165960;-0.0000000023300;0.0000000013800;-0.0000000006400;4234482.93;-0.0165938;0.9997120;-0.0000000006300;-0.0000000000500;-0.0000000040100;Ξυλόκαστρον;38.15;-1.15;;;;;;;;;;;;;;;;;;;;;;;;;;;;;;
275;276805.78;0.9998655;0.0271118;-0.0000000028500;0.0000000027300;-0.0000000004800;4180923.70;-0.0271094;0.9998676;0.0000000002300;-0.0000000001800;-0.0000000056200;Ολύμπια;37.45;-2.15;;;;;;;;;;;;;;;;;;;;;;;;;;;;;;
276;768203.68;0.9999828;-0.0302224;0.0000000051100;-0.0000000035300;-0.0000000012100;3960111.66;0.0302334;1.0000149;0.0000000000700;-0.0000000007900;0.0000000078100;Όλυμπος(Καρπάθου);35.45;3.15;;;;;;;;;;;;;;;;;;;;;;;;;;;;;;
277;705050.85;0.9997221;-0.0286626;0.0000000024500;-0.0000000022600;-0.0000000003800;4624736.04;0.0286683;0.9997294;0.0000000001600;0.0000000000700;0.0000000048600;Ορεστιάς;41.45;2.45;;;;;;;;;;;;;;;;;;;;;;;;;;;;;;
278;663480.66;0.9997153;-0.0228504;0.0000000014200;-0.0000000022800;-0.0000000002500;4623665.01;0.0228504;0.9997006;-0.0000000001400;0.0000000001200;0.0000000038700;Ορμένιον;41.45;2.15;;;;;;;;;;;;;;;;;;;;;;;;;;;;;;
279;678873.31;0.9997753;-0.0197930;0.0000000024000;-0.0000000021800;0.0000000002100;3902383.78;0.0197793;0.9997773;0.0000000001600;0.0000000002700;0.0000000046200;Παλαιόκαστρον;35.15;2.15;;;;;;;;;;;;;;;;;;;;;;;;;;;;;;
280;451456.89;0.9996228;0.0054260;-0.0000000009400;0.0000000007000;0.0000000000400;3900750.66;-0.0054257;0.9996142;-0.0000000000700;0.0000000000500;-0.0000000013900;Παλαιοχώρα;35.15;-0.15;;;;;;;;;;;;;;;;;;;;;;;;;;;;;;
281;454626.92;0.9996202;0.0060327;-0.0000000002500;0.0000000004400;-0.0000000000300;4455436.50;-0.0060317;0.9996166;0.0000000000600;0.0000000001000;-0.0000000008900;Παλιούριον;40.15;-0.15;;;;;;;;;;;;;;;;;;;;;;;;;;;;;;
282;411462.95;0.9996459;0.0115743;-0.0000000008800;0.0000000011800;0.0000000005000;4400321.30;-0.0115678;0.9996399;0.0000000002700;0.0000000009800;-0.0000000032300;Παναγία-Αγιάς;39.45;-0.45;;;;;;;;;;;;;;;;;;;;;;;;;;;;;;
283;282959.49;0.9997940;0.0283062;-0.0000000031000;0.0000000027700;-0.0000000004500;4402883.53;-0.0283143;0.9997862;0.0000000000500;-0.0000000002800;-0.0000000055200;Παναγία;39.45;-2.15;;;;;;;;;;;;;;;;;;;;;;;;;;;;;;
284;238247.86;0.9998835;0.0335501;-0.0000000033100;0.0000000031900;-0.0000000004000;4348716.91;-0.0335556;0.9998845;0.0000000000000;-0.0000000002400;-0.0000000062400;Παππαδάται;39.15;-2.45;;;;;;;;;;;;;;;;;;;;;;;;;;;;;;
285;407739.43;0.9996729;0.0108029;-0.0000000013200;0.0000000011100;0.0000000000300;4067468.46;-0.0107992;0.9996781;-0.0000000000700;-0.0000000000800;-0.0000000025700;Παππαδιάνικα;36.45;-0.45;;;;;;;;;;;;;;;;;;;;;;;;;;;;;;
286;408341.96;0.9996365;0.0109374;-0.0000000014500;0.0000000007800;0.0000000008300;4122933.08;-0.0109287;0.9996879;0.0000000004400;-0.0000000015100;-0.0000000013300;Παράλιον-’στρος;37.15;-0.45;;;;;;;;;;;;;;;;;;;;;;;;;;;;;;
287;539077.50;0.9996118;-0.0053862;0.0000000010600;-0.0000000005200;0.0000000008300;4566397.69;0.0053607;0.9996295;-0.0000000003000;-0.0000000016200;0.0000000020000;Παρανέστιον;41.15;0.45;;;;;;;;;;;;;;;;;;;;;;;;;;;;;;
288;195095.61;0.9999789;0.0390932;-0.0000000036700;0.0000000036100;-0.0000000006000;4350284.35;-0.0390904;0.9999804;0.0000000002100;-0.0000000004800;-0.0000000073700;Παραμυθιά;39.15;-3.15;;;;;;;;;;;;;;;;;;;;;;;;;;;;;;
289;585694.53;0.9996293;-0.0102099;0.0000000012400;-0.0000000012300;-0.0000000001000;4122872.55;0.0101990;0.9996365;-0.0000000002200;0.0000000000000;0.0000000020500;Πάρος;37.15;1.15;;;;;;;;;;;;;;;;;;;;;;;;;;;;;;
290;195095.61;0.9999789;0.0390932;-0.0000000036700;0.0000000036100;-0.0000000006000;4350284.35;-0.0390904;0.9999804;0.0000000002100;-0.0000000004800;-0.0000000073700;Πάργα;39.15;-3.15;;;;;;;;;;;;;;;;;;;;;;;;;;;;;;
291;278318.47;0.9998303;0.0274037;-0.0000000018100;0.0000000025600;0.0000000001100;4236408.18;-0.0274162;0.9998543;0.0000000006000;0.0000000000100;-0.0000000050300;Πάτραι;38.15;-2.15;;;;;;;;;;;;;;;;;;;;;;;;;;;;;;
292;410192.92;0.9996655;0.0112982;-0.0000000014700;0.0000000011700;-0.0000000000100;4289353.75;-0.0113001;0.9996726;0.0000000002700;0.0000000002900;-0.0000000021500;Πελασγία;38.45;-0.45;;;;;;;;;;;;;;;;;;;;;;;;;;;;;;
293;242011.95;0.9998371;0.0342580;-0.0000000032600;0.0000000030000;-0.0000000005300;4459719.05;-0.0342616;0.9998322;0.0000000001000;-0.0000000001700;-0.0000000061300;Πεντάλοφος;40.15;-2.45;;;;;;;;;;;;;;;;;;;;;;;;;;;;;;
294;665993.22;0.9997130;-0.0224023;0.0000000019200;-0.0000000019100;-0.0000000004800;4512651.80;0.0223990;0.9997040;0.0000000002700;-0.0000000000400;0.0000000039600;Πέπλος;40.45;2.15;;;;;;;;;;;;;;;;;;;;;;;;;;;;;;
295;542419.45;0.9995716;-0.0046488;0.0000000037900;-0.0000000006900;-0.0000000009900;3900716.50;0.0046776;0.9995715;-0.0000000012200;0.0000000013900;0.0000000031800;Πέραμα;35.15;0.45;;;;;;;;;;;;;;;;;;;;;;;;;;;;;;
296;409569.96;0.9995751;0.0111697;-0.0000000000700;-0.0000000006700;-0.0000000023500;4233874.96;-0.0111594;0.9995520;0.0000000006200;-0.0000000015000;0.0000000022100;Περαχώρα;38.15;-0.45;;;;;;;;;;;;;;;;;;;;;;;;;;;;;;
297;496938.36;0.9996032;0.0003666;0.0000000001300;0.0000000002400;-0.0000000008500;3900618.84;-0.0003713;0.9995887;0.0000000005900;-0.0000000000900;0.0000000000900;Περιβόλια(Γαλατάς);35.15;0.15;;;;;;;;;;;;;;;;;;;;;;;;;;;;;;
298;238247.86;0.9998835;0.0335501;-0.0000000033100;0.0000000031900;-0.0000000004000;4348716.91;-0.0335556;0.9998845;0.0000000000000;-0.0000000002400;-0.0000000062400;Πέτας;39.15;-2.45;;;;;;;;;;;;;;;;;;;;;;;;;;;;;;
299;453637.60;0.9996193;0.0058377;-0.0000000006500;0.0000000005900;-0.0000000000100;4288980.93;-0.0058421;0.9996147;0.0000000002400;-0.0000000005100;-0.0000000015300;Πήλιον;38.45;-0.15;;;;;;;;;;;;;;;;;;;;;;;;;;;;;;
300;585124.89;0.9996411;-0.0103188;0.0000000011600;-0.0000000009600;0.0000000000900;4178339.97;0.0103221;0.9996385;0.0000000000700;0.0000000000400;0.0000000021100;Πίσω-Μεριά;37.45;1.15;;;;;;;;;;;;;;;;;;;;;;;;;;;;;;
301;497040.38;0.9996289;0.0003712;-0.0000000002600;0.0000000003400;0.0000000011100;4177897.35;-0.0003763;0.9996216;-0.0000000001500;0.0000000005200;-0.0000000002200;Πλάκα;37.45;0.15;;;;;;;;;;;;;;;;;;;;;;;;;;;;;;
302;540805.90;0.9996381;-0.0050086;0.0000000005300;0.0000000000700;0.0000000000700;4233471.85;0.0050258;0.9996628;-0.0000000000700;0.0000000006700;0.0000000008900;Πλατανιστός;38.15;0.45;;;;;;;;;;;;;;;;;;;;;;;;;;;;;;
303;370551.91;0.9996595;0.0175033;-0.0000000010200;0.0000000021200;0.0000000001700;4511926.57;-0.0174476;0.9996540;-0.0000000008100;-0.0000000006800;-0.0000000037600;Πλατύ;40.45;-1.15;;;;;;;;;;;;;;;;;;;;;;;;;;;;;;
304;368630.23;0.9996727;0.0171317;-0.0000000014300;0.0000000013200;-0.0000000000100;4400936.37;-0.0171354;0.9996806;0.0000000002300;-0.0000000003200;-0.0000000031000;Πλατύκαμπος;39.45;-1.15;;;;;;;;;;;;;;;;;;;;;;;;;;;;;;
305;712815.51;0.9998356;-0.0271599;0.0000000031600;-0.0000000022200;0.0000000011100;4347222.47;0.0271762;0.9998004;-0.0000000002700;0.0000000003200;0.0000000046700;Πλωμάριον;39.15;2.45;;;;;;;;;;;;;;;;;;;;;;;;;;;;;;
306;669670.67;0.9997204;-0.0216595;0.0000000020100;-0.0000000023900;-0.0000000000200;4346168.76;0.0216577;0.9997199;0.0000000001000;-0.0000000001400;0.0000000043000;Πολιχνίτος;39.15;2.15;;;;;;;;;;;;;;;;;;;;;;;;;;;;;;
307;454626.92;0.9996202;0.0060327;-0.0000000002500;0.0000000004400;-0.0000000000300;4455436.50;-0.0060317;0.9996166;0.0000000000600;0.0000000001000;-0.0000000008900;Πολύγυρος;40.15;-0.15;;;;;;;;;;;;;;;;;;;;;;;;;;;;;;
308;243923.60;0.9998098;0.0346103;-0.0000000032800;0.0000000031300;-0.0000000004100;4515225.18;-0.0345871;0.9998054;-0.0000000003700;-0.0000000003300;-0.0000000059300;Ποντγκόρι;40.45;-2.45;;;;;;;;;;;;;;;;;;;;;;;;;;;;;;
309;413415.77;0.9996366;0.0119018;-0.0000000014500;0.0000000008500;0.0000000002300;4566809.57;-0.0119003;0.9996310;-0.0000000001800;-0.0000000004200;-0.0000000019300;Πορόια;41.15;-0.45;;;;;;;;;;;;;;;;;;;;;;;;;;;;;;
310;497190.17;0.9996089;0.0004000;0.0000000000200;0.0000000001100;-0.0000000000800;4566293.81;-0.0004027;0.9996091;0.0000000001500;0.0000000001600;-0.0000000001800;Ποταμοί;41.15;0.15;;;;;;;;;;;;;;;;;;;;;;;;;;;;;;
311;407143.51;0.9997341;0.0106820;-0.0000000009900;0.0000000011300;-0.0000000013600;4012007.25;-0.0106792;0.9997308;-0.0000000001400;-0.0000000012400;-0.0000000027400;Ποταμός-Νότιο;36.15;-0.45;;;;;;;;;;;;;;;;;;;;;;;;;;;;;;
311;407739.43;0.9996729;0.0108029;-0.0000000013200;0.0000000011100;0.0000000000300;4067468.46;-0.0107992;0.9996781;-0.0000000000700;-0.0000000000800;-0.0000000025700;Ποταμός-Βόρ.;36.45;-0.45;;;;;;;;;;;;;;;;;;;;;;;;;;;;;;
312;240119.93;0.9998629;0.0339001;-0.0000000034000;0.0000000031800;-0.0000000004900;4404216.29;-0.0339085;0.9998642;0.0000000003500;-0.0000000002500;-0.0000000065800;Πράμαντα;39.45;-2.45;;;;;;;;;;;;;;;;;;;;;;;;;;;;;;
313;329638.18;0.9996651;0.0234008;-0.0000000014600;0.0000000014800;-0.0000000006300;4568288.43;-0.0234243;0.9996350;0.0000000009500;-0.0000000013700;-0.0000000041200;Πρόμαχοι;41.15;-1.45;;;;;;;;;;;;;;;;;;;;;;;;;;;;;;
314;497190.17;0.9996089;0.0004000;0.0000000000200;0.0000000001100;-0.0000000000800;4566293.81;-0.0004027;0.9996091;0.0000000001500;0.0000000001600;-0.0000000001800;Προσοτσάνη;41.15;0.15;;;;;;;;;;;;;;;;;;;;;;;;;;;;;;
315;286135.29;0.9997525;0.0288945;-0.0000000025800;0.0000000026300;-0.0000000000500;4513884.80;-0.0288922;0.9997499;0.0000000002700;-0.0000000002000;-0.0000000051400;Πτολεμαίς;40.45;-2.15;;;;;;;;;;;;;;;;;;;;;;;;;;;;;;
316;706634.88;0.9997463;-0.0283854;0.0000000023500;-0.0000000024800;-0.0000000002600;4569224.89;0.0283881;0.9997460;0.0000000001600;0.0000000000200;0.0000000050200;Πύθιον;41.15;2.45;;;;;;;;;;;;;;;;;;;;;;;;;;;;;;
317;318470.97;0.9998217;0.0212606;-0.0000000016600;0.0000000022200;-0.0000000004500;4068899.93;-0.0212553;0.9998139;0.0000000003000;-0.0000000004300;-0.0000000043100;Πύλος;36.45;-1.45;;;;;;;;;;;;;;;;;;;;;;;;;;;;;;
318;328344.58;0.9996969;0.0231864;-0.0000000020000;0.0000000020000;-0.0000000003500;4512785.39;-0.0231862;0.9996920;0.0000000001200;-0.0000000002400;-0.0000000042000;Πύργοι;40.45;-1.45;;;;;;;;;;;;;;;;;;;;;;;;;;;;;;
319;276805.78;0.9998655;0.0271118;-0.0000000028500;0.0000000027300;-0.0000000004800;4180923.70;-0.0271094;0.9998676;0.0000000002300;-0.0000000001800;-0.0000000056200;Πύργος;37.45;-2.15;;;;;;;;;;;;;;;;;;;;;;;;;;;;;;
320;199481.22;0.9999334;0.0399113;-0.0000000035100;0.0000000034700;-0.0000000001100;4461296.81;-0.0399157;0.9999094;0.0000000001200;-0.0000000006800;-0.0000000072800;Πωγωνιανή;40.15;-3.15;;;;;;;;;;;;;;;;;;;;;;;;;;;;;;
321;281396.13;0.9997828;0.0280304;-0.0000000027200;0.0000000027100;0.0000000000500;4347388.14;-0.0280404;0.9998105;-0.0000000004200;-0.0000000002500;-0.0000000047600;Ραπτόπουλον;39.15;-2.15;;;;;;;;;;;;;;;;;;;;;;;;;;;;;;
322;497060.64;0.9996129;0.0003098;0.0000000011900;-0.0000000009700;-0.0000000024400;4233371.01;-0.0002950;0.9996194;0.0000000006100;-0.0000000015700;0.0000000024800;Ραφήνα;38.15;0.15;;;;;;;;;;;;;;;;;;;;;;;;;;;;;;
323;368630.23;0.9996727;0.0171317;-0.0000000014300;0.0000000013200;-0.0000000000100;4400936.37;-0.0171354;0.9996806;0.0000000002300;-0.0000000003200;-0.0000000031000;Ραψάνη;39.45;-1.15;;;;;;;;;;;;;;;;;;;;;;;;;;;;;;
324;542419.81;0.9995627;-0.0046795;0.0000000008200;-0.0000000013300;0.0000000028900;3900716.56;0.0046816;0.9995644;-0.0000000013700;0.0000000011700;0.0000000022800;Ρέθυμνον;35.15;0.45;;;;;;;;;;;;;;;;;;;;;;;;;;;;;;
325;407739.43;0.9996729;0.0108029;-0.0000000013200;0.0000000011100;0.0000000000300;4067468.46;-0.0107992;0.9996781;-0.0000000000700;-0.0000000000800;-0.0000000025700;Ρειχέα;36.45;-0.45;;;;;;;;;;;;;;;;;;;;;;;;;;;;;;
326;705050.85;0.9997221;-0.0286626;0.0000000024500;-0.0000000022600;-0.0000000003800;4624736.04;0.0286683;0.9997294;0.0000000001600;0.0000000000700;0.0000000048600;Ρίζια;41.45;2.45;;;;;;;;;;;;;;;;;;;;;;;;;;;;;;
327;497168.04;0.9996234;0.0004059;-0.0000000000400;-0.0000000001100;-0.0000000003000;4510794.51;-0.0003987;0.9996108;-0.0000000000200;0.0000000004200;0.0000000000700;Ροδολίβος;40.45;0.15;;;;;;;;;;;;;;;;;;;;;;;;;;;;;;
328;856398.54;1.0003470;-0.0409876;0.0000000044500;-0.0000000042800;-0.0000000014300;4018803.45;0.0409873;1.0003529;0.0000000005100;-0.0000000003700;0.0000000087000;Ρόδος;36.15;4.15;;;;;;;;;;;;;;;;;;;;;;;;;;;;;;
329;197276.84;0.9999511;0.0395039;-0.0000000036300;0.0000000037300;-0.0000000003100;4405788.91;-0.0395010;0.9999532;0.0000000002000;-0.0000000002200;-0.0000000072400;Σαγιάδα;39.45;-3.15;;;;;;;;;;;;;;;;;;;;;;;;;;;;;;
330;761328.59;0.9999423;-0.0316907;0.0000000032900;-0.0000000041500;0.0000000007000;4182035.05;0.0316890;0.9999413;-0.0000000002700;-0.0000000004500;0.0000000070100;Σάμος;37.45;3.15;;;;;;;;;;;;;;;;;;;;;;;;;;;;;;
331;622853.46;0.9996736;-0.0168639;0.0000000017700;-0.0000000013500;0.0000000002900;4567328.83;0.0168717;0.9996625;-0.0000000001100;-0.0000000000600;0.0000000031900;Σάπαι;41.15;1.45;;;;;;;;;;;;;;;;;;;;;;;;;;;;;;
332;542419.80;0.9995682;-0.0046683;0.0000000012600;-0.0000000008700;0.0000000029700;3900716.60;0.0046848;0.9995708;-0.0000000013700;0.0000000018400;0.0000000031600;Σελλία;35.15;0.45;;;;;;;;;;;;;;;;;;;;;;;;;;;;;;
333;455303.29;0.9996127;0.0061435;-0.0000000006900;0.0000000011000;0.0000000005500;4566431.19;-0.0061520;0.9996201;-0.0000000001100;0.0000000003400;-0.0000000015200;Σέρραι;41.15;-0.15;;;;;;;;;;;;;;;;;;;;;;;;;;;;;;
334;678873.31;0.9997753;-0.0197930;0.0000000024000;-0.0000000021800;0.0000000002100;3902383.78;0.0197793;0.9997773;0.0000000001600;0.0000000002700;0.0000000046200;Σητεία;35.15;2.15;;;;;;;;;;;;;;;;;;;;;;;;;;;;;;
335;284539.37;0.9997625;0.0285910;-0.0000000025000;0.0000000027100;-0.0000000002500;4458382.02;-0.0286009;0.9997829;0.0000000004700;-0.0000000002800;-0.0000000054300;Σιάτιστα;40.15;-2.15;;;;;;;;;;;;;;;;;;;;;;;;;;;;;;
336;455302.66;0.9995864;0.0060909;-0.0000000002700;-0.0000000000200;-0.0000000030300;4566431.42;-0.0061233;0.9996205;0.0000000011100;-0.0000000001700;-0.0000000014000;Σιδηρόκαστρον;41.15;-0.15;;;;;;;;;;;;;;;;;;;;;;;;;;;;;;
337;586257.34;0.9996395;-0.0100876;0.0000000009500;-0.0000000007300;-0.0000000004700;4067409.60;0.0100913;0.9996493;-0.0000000005900;-0.0000000001400;0.0000000022900;Σίκινος;36.45;1.15;;;;;;;;;;;;;;;;;;;;;;;;;;;;;;
338;454963.32;0.9996189;0.0060644;-0.0000000001600;0.0000000017500;-0.0000000002500;4510931.51;-0.0060952;0.9995924;0.0000000004100;0.0000000014800;-0.0000000011600;Σιτοχώριον;40.45;-0.15;;;;;;;;;;;;;;;;;;;;;;;;;;;;;;
339;453963.60;0.9996167;0.0058984;-0.0000000005000;0.0000000004500;-0.0000000003300;4344461.14;-0.0059025;0.9996166;0.0000000002800;-0.0000000002200;-0.0000000007700;Σκιάθος;39.15;-0.15;;;;;;;;;;;;;;;;;;;;;;;;;;;;;;
340;453963.60;0.9996167;0.0058984;-0.0000000005000;0.0000000004500;-0.0000000003300;4344461.14;-0.0059025;0.9996166;0.0000000002800;-0.0000000002200;-0.0000000007700;Σκόπελος;39.15;-0.15;;;;;;;;;;;;;;;;;;;;;;;;;;;;;;
341;371527.43;0.9996506;0.0176662;-0.0000000009900;0.0000000017600;-0.0000000000300;4567428.49;-0.0176464;0.9996384;0.0000000000000;-0.0000000004700;-0.0000000027900;Σκρά;41.15;-1.15;;;;;;;;;;;;;;;;;;;;;;;;;;;;;;
342;540521.72;0.9996333;-0.0050726;0.0000000005700;-0.0000000004800;-0.0000000006000;4288947.84;0.0050778;0.9996331;0.0000000001000;-0.0000000002000;0.0000000006400;Σκύρος;38.45;0.45;;;;;;;;;;;;;;;;;;;;;;;;;;;;;;
343;539078.18;0.9995727;-0.0054024;-0.0000000024300;0.0000000001500;-0.0000000006000;4566397.68;0.0055339;0.9996222;0.0000000014700;-0.0000000010200;-0.0000000063400;Σμόλγιαν;41.15;0.45;;;;;;;;;;;;;;;;;;;;;;;;;;;;;;
344;706634.88;0.9997463;-0.0283854;0.0000000023500;-0.0000000024800;-0.0000000002600;4569224.89;0.0283881;0.9997460;0.0000000001600;0.0000000000200;0.0000000050200;Σουφλίον;41.15;2.45;;;;;;;;;;;;;;;;;;;;;;;;;;;;;;
345;324541.84;0.9997244;0.0224688;-0.0000000026100;0.0000000020500;0.0000000004800;4346298.77;-0.0224808;0.9997293;-0.0000000002600;0.0000000007700;-0.0000000051900;Σοφάδες;39.15;-1.45;;;;;;;;;;;;;;;;;;;;;;;;;;;;;;
346;408951.81;0.9997035;0.0110568;-0.0000000021500;0.0000000007200;0.0000000009700;4178401.36;-0.0110595;0.9996897;0.0000000004700;0.0000000001500;-0.0000000028500;Σοφικόν;37.45;-0.45;;;;;;;;;;;;;;;;;;;;;;;;;;;;;;
347;454963.16;0.9995952;0.0060915;-0.0000000010900;0.0000000009000;-0.0000000006300;4510931.52;-0.0060980;0.9996184;0.0000000001900;-0.0000000003300;-0.0000000015300;Σοχός;40.45;-0.15;;;;;;;;;;;;;;;;;;;;;;;;;;;;;;
348;364001.39;0.9997239;0.0162086;-0.0000000019500;0.0000000017200;-0.0000000001200;4123535.02;-0.0162181;0.9997184;0.0000000000600;-0.0000000001900;-0.0000000035000;Σπάρτη;37.15;-1.15;;;;;;;;;;;;;;;;;;;;;;;;;;;;;;
349;323299.20;0.9997802;0.0222175;-0.0000000027700;0.0000000023300;-0.0000000011800;4290811.13;-0.0222002;0.9998226;-0.0000000001100;-0.0000000015100;-0.0000000050500;Σπερχειάς;38.45;-1.45;;;;;;;;;;;;;;;;;;;;;;;;;;;;;;
350;408341.79;0.9996533;0.0109229;-0.0000000010500;0.0000000016100;-0.0000000005300;4122933.04;-0.0109270;0.9996643;-0.0000000001100;-0.0000000001000;-0.0000000023300;Σπέτσαι;37.15;-0.45;;;;;;;;;;;;;;;;;;;;;;;;;;;;;;
351;408341.96;0.9996365;0.0109374;-0.0000000014500;0.0000000007800;0.0000000008300;4122933.08;-0.0109287;0.9996879;0.0000000004400;-0.0000000015100;-0.0000000013300;Σπετσοπούλα;37.15;-0.45;;;;;;;;;;;;;;;;;;;;;;;;;;;;;;
352;454963.11;0.9996388;0.0060769;-0.0000000000900;0.0000000003300;0.0000000013200;4510931.88;-0.0061165;0.9996694;0.0000000005900;0.0000000010200;-0.0000000020300;Σταύρος;40.45;-0.15;;;;;;;;;;;;;;;;;;;;;;;;;;;;;;
353;497082.12;0.9996506;0.0003829;-0.0000000001400;-0.0000000000500;0.0000000003000;4288846.54;-0.0003812;0.9996581;0.0000000000100;0.0000000003100;0.0000000000900;Στενή-Δίρφυος;38.45;0.15;;;;;;;;;;;;;;;;;;;;;;;;;;;;;;
354;497166.82;0.9995092;0.0004031;-0.0000000031100;0.0000000030100;0.0000000013900;4510795.02;-0.0003139;0.9994642;0.0000000003200;-0.0000000012900;-0.0000000027600;Στρατονίκη;40.45;0.15;;;;;;;;;;;;;;;;;;;;;;;;;;;;;;
355;366746.94;0.9996706;0.0167449;-0.0000000008900;0.0000000017300;0.0000000010800;4289963.36;-0.0167310;0.9996969;-0.0000000006300;0.0000000004100;-0.0000000028900;Στυλίς;38.45;-1.15;;;;;;;;;;;;;;;;;;;;;;;;;;;;;;
356;497146.35;0.9996218;0.0004028;-0.0000000001700;0.0000000002600;0.0000000002700;4455299.91;-0.0003894;0.9996100;0.0000000001600;0.0000000001300;-0.0000000002700;Συκέα;40.15;0.15;;;;;;;;;;;;;;;;;;;;;;;;;;;;;;
357;453963.60;0.9996167;0.0058984;-0.0000000005000;0.0000000004500;-0.0000000003300;4344461.14;-0.0059025;0.9996166;0.0000000002800;-0.0000000002200;-0.0000000007700;Συκή;39.15;-0.15;;;;;;;;;;;;;;;;;;;;;;;;;;;;;;
358;630888.28;0.9996968;-0.0153116;0.0000000016300;-0.0000000015600;-0.0000000000300;4067976.46;0.0153141;0.9996877;0.0000000000600;0.0000000002500;0.0000000031300;Σχοινούσα;36.45;1.45;;;;;;;;;;;;;;;;;;;;;;;;;;;;;;
359;585124.89;0.9996411;-0.0103188;0.0000000011600;-0.0000000009600;0.0000000000900;4178339.97;0.0103221;0.9996385;0.0000000000700;0.0000000000400;0.0000000021100;Τήνος;37.45;1.15;;;;;;;;;;;;;;;;;;;;;;;;;;;;;;
360;325796.11;0.9997348;0.0227072;-0.0000000013300;0.0000000016400;-0.0000000005500;4401790.37;-0.0227092;0.9997461;0.0000000001300;-0.0000000008800;-0.0000000017700;Τρίκαλα;39.45;-1.45;;;;;;;;;;;;;;;;;;;;;;;;;;;;;;
361;364905.84;0.9997185;0.0164218;-0.0000000013200;0.0000000027100;0.0000000003600;4179006.52;-0.0164152;0.9996990;0.0000000004900;-0.0000000001400;-0.0000000046900;Τρίπολις;37.45;-1.15;;;;;;;;;;;;;;;;;;;;;;;;;;;;;;
362;320857.52;0.9997806;0.0217461;-0.0000000021900;0.0000000023200;-0.0000000004600;4179847.36;-0.0217525;0.9997788;0.0000000000600;-0.0000000004100;-0.0000000045400;Τρόπαια;37.45;-1.45;;;;;;;;;;;;;;;;;;;;;;;;;;;;;;
363;240119.93;0.9998629;0.0339001;-0.0000000034000;0.0000000031800;-0.0000000004900;4404216.29;-0.0339085;0.9998642;0.0000000003500;-0.0000000002500;-0.0000000065800;Τσεπέλοβον;39.45;-2.45;;;;;;;;;;;;;;;;;;;;;;;;;;;;;;
364;587903.12;0.9996239;-0.0096907;0.0000000009200;-0.0000000011200;0.0000000001600;3901042.10;0.0096897;0.9996203;0.0000000000000;-0.0000000001500;0.0000000019500;Τυμπάκιον;35.15;1.15;;;;;;;;;;;;;;;;;;;;;;;;;;;;;;
365;452679.92;0.9996280;0.0056605;0.0000000000700;0.0000000008500;0.0000000004500;4122565.15;-0.0056570;0.9996206;-0.0000000000100;0.0000000001600;-0.0000000015500;Ύδρα;37.15;-0.15;;;;;;;;;;;;;;;;;;;;;;;;;;;;;;
366;325796.29;0.9997039;0.0227110;-0.0000000015000;0.0000000019600;0.0000000002600;4401790.36;-0.0227135;0.9997116;-0.0000000007400;-0.0000000002000;-0.0000000031400;Φαρκαδών;39.45;-1.45;;;;;;;;;;;;;;;;;;;;;;;;;;;;;;
367;367684.08;0.9996790;0.0169527;-0.0000000017100;0.0000000016900;-0.0000000001700;4345447.64;-0.0169511;0.9996848;0.0000000003400;-0.0000000002800;-0.0000000033500;Φάρσαλα;39.15;-1.15;;;;;;;;;;;;;;;;;;;;;;;;;;;;;;
368;665993.22;0.9997130;-0.0224023;0.0000000019200;-0.0000000019100;-0.0000000004800;4512651.80;0.0223990;0.9997040;0.0000000002700;-0.0000000000400;0.0000000039600;Φέραι;40.45;2.15;;;;;;;;;;;;;;;;;;;;;;;;;;;;;;
369;197276.84;0.9999511;0.0395039;-0.0000000036300;0.0000000037300;-0.0000000003100;4405788.91;-0.0395010;0.9999532;0.0000000002000;-0.0000000002200;-0.0000000072400;Φιλιάται;39.45;-3.15;;;;;;;;;;;;;;;;;;;;;;;;;;;;;;
370;275310.52;0.9998582;0.0268044;-0.0000000019200;0.0000000028500;-0.0000000003800;4125442.66;-0.0268048;0.9998843;0.0000000005000;-0.0000000000100;-0.0000000053400;Φιλιατρά;37.15;-2.15;;;;;;;;;;;;;;;;;;;;;;;;;;;;;;
371;630033.81;0.9996885;-0.0154905;0.0000000015400;-0.0000000016000;-0.0000000002100;4123442.34;0.0154898;0.9996921;0.0000000000800;-0.0000000000400;0.0000000031100;Φιλότιον;37.15;1.45;;;;;;;;;;;;;;;;;;;;;;;;;;;;;;
372;286135.29;0.9997525;0.0288945;-0.0000000025800;0.0000000026300;-0.0000000000500;4513884.80;-0.0288922;0.9997499;0.0000000002700;-0.0000000002000;-0.0000000051400;Φλώρινα;40.45;-2.15;;;;;;;;;;;;;;;;;;;;;;;;;;;;;;
373;586257.34;0.9996395;-0.0100876;0.0000000009500;-0.0000000007300;-0.0000000004700;4067409.60;0.0100913;0.9996493;-0.0000000005900;-0.0000000001400;0.0000000022900;Φολέγανδρος;36.45;1.15;;;;;;;;;;;;;;;;;;;;;;;;;;;;;;
374;324541.21;0.9996878;0.0224666;-0.0000000043600;0.0000000019200;-0.0000000006400;4346298.66;-0.0225211;0.9997246;0.0000000004300;-0.0000000006600;-0.0000000062600;Φουρνά;39.15;-1.45;;;;;;;;;;;;;;;;;;;;;;;;;;;;;;
375;717273.56;0.9998988;-0.0263498;0.0000000010300;-0.0000000021200;-0.0000000000900;4180756.83;0.0263206;0.9998912;0.0000000004000;-0.0000000008400;0.0000000023900;Φούρνοι;37.45;2.45;;;;;;;;;;;;;;;;;;;;;;;;;;;;;;
376;279850.17;0.9998360;0.0276480;-0.0000000030000;0.0000000043100;-0.0000000006100;4291896.17;-0.0277098;0.9998613;0.0000000005200;-0.0000000006300;-0.0000000059400;Φραγκίστα;38.45;-2.15;;;;;;;;;;;;;;;;;;;;;;;;;;;;;;
377;322071.49;0.9997509;0.0219907;-0.0000000019700;0.0000000017400;-0.0000000009400;4235326.43;-0.0220079;0.9997428;0.0000000007100;-0.0000000005500;-0.0000000044600;Χαλανδρίτσα;38.15;-1.45;;;;;;;;;;;;;;;;;;;;;;;;;;;;;;
378;811452.54;1.0001991;-0.0357896;0.0000000036000;-0.0000000036500;-0.0000000009000;4017078.70;0.0357825;1.0001830;0.0000000006300;0.0000000001000;0.0000000083000;Χάλκη;36.15;3.45;;;;;;;;;;;;;;;;;;;;;;;;;;;;;;
379;453315.10;0.9996398;0.0057801;0.0000000001000;0.0000000004400;-0.0000000002300;4233504.44;-0.0057867;0.9996432;0.0000000001500;-0.0000000003000;-0.0000000007600;Χαλκίς;38.15;-0.15;;;;;;;;;;;;;;;;;;;;;;;;;;;;;;
380;496938.36;0.9996032;0.0003666;0.0000000001300;0.0000000002400;-0.0000000008500;3900618.84;-0.0003713;0.9995887;0.0000000005900;-0.0000000000900;0.0000000000900;Χανιά;35.15;0.15;;;;;;;;;;;;;;;;;;;;;;;;;;;;;;
381;413415.77;0.9996366;0.0119018;-0.0000000014500;0.0000000008500;0.0000000002300;4566809.57;-0.0119003;0.9996310;-0.0000000001800;-0.0000000004200;-0.0000000019300;Χέρσον;41.15;-0.45;;;;;;;;;;;;;;;;;;;;;;;;;;;;;;
382;670867.36;0.9997462;-0.0214286;0.0000000019100;-0.0000000019400;0.0000000003400;4290676.65;0.0214176;0.9997583;-0.0000000000500;0.0000000003800;0.0000000036800;Χίος-Βροντάδος;38.45;2.15;;;;;;;;;;;;;;;;;;;;;;;;;;;;;;
383;672050.45;0.9997406;-0.0212045;0.0000000019500;-0.0000000021300;-0.0000000000500;4235193.86;0.0212056;0.9997419;-0.0000000000500;-0.0000000001500;0.0000000040100;Χίος-Θυμιανά;38.15;2.15;;;;;;;;;;;;;;;;;;;;;;;;;;;;;;
384;539373.17;0.9996180;-0.0052977;0.0000000003900;-0.0000000004400;0.0000000002900;4510897.89;0.0052888;0.9996134;0.0000000002200;0.0000000004600;0.0000000013900;Χρυσούπολις;40.45;0.45;;;;;;;;;;;;;;;;;;;;;;;;;;;;;;
385;670868.83;0.9998409;-0.0212671;0.0000000015800;-0.0000000054400;0.0000000072400;4290676.21;0.0213037;0.9997805;-0.0000000007700;0.0000000023600;0.0000000034100;Ψαρά;38.45;2.15;;;;;;;;;;;;;;;;;;;;;;;;;;;;;;
386;453637.60;0.9996193;0.0058377;-0.0000000006500;0.0000000005900;-0.0000000000100;4288980.93;-0.0058421;0.9996147;0.0000000002400;-0.0000000005100;-0.0000000015300;Ψαχνά;38.45;-0.15;;;;;;;;;;;;;;;;;;;;;;;;;;;;;;
387;721683.24;0.9998433;-0.0254808;0.0000000026800;-0.0000000032100;-0.0000000005000;4014622.76;0.0254684;0.9998676;0.0000000001100;-0.0000000006400;0.0000000051700;Ν.Μεγίστη;36.15;5.45;;;;;;;;;;;;;;;;;;;;;;;;;;;;;;
